Customer ID,turnover_h,comm_h,equity_h,deposits_h,active_days,comm_next,ltv_forecast,tier
C230,477375600.6,954751.22,35709502.166,921742000.0,48,1273381.92,1274082.4856634159,Platinum
C106,147068311.2,441204.93,6751797.4071,370480000.0,44,600169.64,583025.4666257389,Platinum
C278,133777323.1,535109.28,21149307.9209,1029004800.0,48,577678.59,577049.7773395182,Platinum
C409,296756266.0,1187025.06,3906616.767,203238000.0,42,553803.49,553192.0657644869,Platinum
C146,149481291.5,672665.85,5194363.7829,362891100.0,53,523096.0,526466.3948125382,Platinum
C107,54522300.3,136305.76,37970617.8447,1583012004.96,22,432988.6,417769.1131504524,Platinum
C348,171383601.5,428459.06,18865104.8727,630042000.0,42,406641.52,409602.34771053307,Platinum
C1607,6084199.9,24336.800000000003,3771775.1726,0.0,3,442496.73,386727.0954864447,Platinum
C149,467640165.5,794988.3,58600052.2884,1751642200.0,44,343131.04,350017.06939849834,Platinum
C361,91185997.4,273558.01,4874487.6487,168830400.0,24,364386.6,343129.07015120925,Platinum
C81,155338422.6,621353.67,25068701.152,972153000.0,26,168038.07,320996.41716732626,Platinum
C723,281964981.3,563929.96,32955508.045,26000608.14,26,1500575.8499999999,292121.74472838495,Platinum
C729,185696582.4,464241.48,13975095.3526,5760000.0,32,293911.6,290184.6793070764,Platinum
C1074,89878198.0,314573.69,40605833.5645,713875000.0,19,279885.42,270875.17106364254,Platinum
C372,144184838.7,432554.5,10300882.6263,524436000.0,38,261679.07,260905.40726544367,Platinum
C950,106942887.0,267357.21,3278391.5703,164718000.0,18,269100.15,251807.75727674604,Platinum
C13,102992561.7,257481.42,4208582.3159,297303000.0,26,263900.49,249975.69263620046,Platinum
C12,90533755.1,316868.23,2685261.9224,158178000.0,62,237427.82,238223.74881806903,Platinum
C1093,39903136.1,159612.55,5131970.0372,181486890.0,29,290974.38,232952.13680288882,Platinum
C175,52562467.7,210249.86,17913577.1384,0.0,58,241452.11,230215.96495697543,Platinum
C7,104007171.7,312021.52,3765437.7748,16500000.0,55,210955.18,226696.16405701684,Platinum
C125,75585355.3,264548.76,4081428.0398,0.0,59,230820.63,223242.54734802406,Platinum
C185,90003424.0,180006.87,5123616.3559,2054402731.3600001,49,178608.19,213142.21648924926,Platinum
C1285,23483311.2,82191.59,5460155.1494,26566500.0,3,234391.61,211557.51062649666,Platinum
C83,77164142.7,231492.43,3718514.4077,67220000.0,39,203656.25,210593.7196162794,Platinum
C139,70877111.1,248069.91,3895164.6657,0.0,58,218679.54,209956.4698251717,Platinum
C663,337888454.9,675776.92,27417041.1807,305600000.0,16,197275.30000000002,206594.41675297162,Platinum
C207,46282261.8,161987.96,6004782.5279,56446002.0,46,237626.11,204762.54613611716,Platinum
C602,31179754.0,124719.02,1240744.331,141474000.0,19,243023.22999999998,198536.9389858173,Platinum
C224,56141643.8,140354.11,11313043.1909,78820800.0,48,204048.66999999998,194418.62962999096,Platinum
C507,127567217.8,216864.29,24947231.786,720000000.0,30,179441.26,190123.89737312135,Platinum
C1398,101689489.0,203378.97,17890956.3791,977000000.0,10,202982.44,189821.89078177998,Platinum
C212,72380216.8,289520.87,3250879.836,70206000.0,42,199609.88,188326.19812863416,Platinum
C721,139466556.6,418399.68,12522979.695,108000000.0,18,188374.6,186542.82913348373,Platinum
C137,56523356.7,226093.41,17901138.524,219000000.0,37,217447.76,181774.57185266347,Platinum
C349,23213577.8,92854.31,3470039.85,78597750.0,21,214997.67,179972.40769834974,Platinum
C359,59972305.4,239889.21,12300196.0544,0.0,41,194138.17,179028.09714279821,Platinum
C585,71083619.1,248792.66,13276156.9618,244000000.0,40,172159.81,171785.59425308238,Platinum
C325,67316464.7,154827.87,2864085.8055,172105000.0,45,179263.43,168075.5056700734,Platinum
C29,90381595.9,225954.03,18826035.3187,596460000.0,56,165015.26,166342.16192125616,Platinum
C158,61220119.0,244880.48,4895514.9865,102960000.0,33,159921.68,164830.95524240995,Platinum
C95,31043841.3,93131.55,4559838.4518,43832000.0,34,191770.42,164266.1513993257,Platinum
C112,47527195.1,142581.58,14514990.1505,121330500.0,47,295703.58,162380.3037060148,Platinum
C357,34075785.2,136303.15,970088.7716,49970000.0,38,69836.41,161910.2068054139,Platinum
C523,36709559.2,73419.13,38372836.3348,779475437.0,19,172661.08,159154.19118225024,Platinum
C779,97820027.10000001,293460.08,19377509.2203,238950000.0,27,152804.95,158779.826429798,Platinum
C237,24220830.2,84772.93000000001,11477253.4155,402902810.0,31,206859.66999999998,156289.08776599925,Platinum
C336,75772691.1,189431.74,11780332.057,343337000.0,38,339062.52,154834.2320040406,Platinum
C551,22419018.8,78466.58,1725824.4575,55030000.0,20,205108.0,152626.460008574,Platinum
C377,58405292.2,233621.18,7420165.6454,70000000.0,28,213286.36,151377.233572035,Platinum
C173,120812737.9,302031.87,2216649.4721,39579000.0,50,190786.35,150417.5283593545,Platinum
C574,36938784.0,92346.98,32037189.036,970000000.0,21,158011.91999999998,149241.15610734426,Platinum
C122,108444044.0,325332.15,13182985.7361,450000000.0,60,136199.34,148715.86710281507,Platinum
C572,61051470.6,183154.4,11678861.7078,350000.0,35,137609.4,144548.09835028864,Platinum
C671,66967120.800000004,200901.37,7798948.3139,76126600.0,11,167241.5,144466.4429979923,Platinum
C719,54820385.199999996,137050.96,4229949.03,64098000.0,27,128512.98,141897.12871571418,Platinum
C757,69042321.8,151893.1,16420028.5236,2005250500.0,31,135952.7,139496.83052799705,Platinum
C1407,8789564.4,21973.91,12597105.5297,27800000.0,4,205049.49,137358.4707027533,Platinum
C66,44934236.6,134802.72,1934983.3032,170039000.0,46,143396.0,132632.84439078972,Platinum
C310,37352188.3,130732.69,12833903.7209,330000000.0,28,113169.41,130541.00938227291,Platinum
C151,24418382.8,97673.53,1934145.0492,138000000.0,23,142284.61,129781.63271735763,Platinum
C64,79548505.3,238645.51,1385003.9299,165000000.0,33,250118.1,128138.3833620659,Platinum
C110,22610427.7,90441.71,2165377.9664,43062000.0,20,161313.47,127086.80030728079,Platinum
C669,29534407.4,103370.45,16029316.7093,1056146000.0,26,96175.14,127025.3857700206,Platinum
C143,41469689.8,165878.76,11846310.0942,357200000.0,32,136901.07,126511.7566210051,Platinum
C118,56746944.5,226987.79,1445909.976,73505200.0,49,127974.66,123236.073281164,Platinum
C992,46236789.6,138710.39,1977702.4325,66025850.0,33,166368.36,121580.64327758088,Platinum
C19,37582624.8,112747.86,32212171.745,0.0,25,150520.83,121381.13388759106,Platinum
C581,46420255.3,139260.76,6202949.1231,121440000.0,22,94835.98,118911.17905006587,Platinum
C98,71086512.1,213259.52,1483757.8757,70976500.0,49,113424.87,117278.92632935439,Platinum
C635,37555569.9,150222.29,3136713.1772,72504000.0,38,114587.28,116722.22514592792,Platinum
C1361,19053989.2,57161.979999999996,4713626.0324,74333000.0,20,170552.39,114025.41406981644,Platinum
C142,17638063.8,61733.229999999996,3504166.8264,16954400.0,8,195747.53,113181.85120051034,Platinum
C124,50644945.8,177257.36000000002,2095242.6282,0.0,58,110816.5,111176.98210380034,Platinum
C180,54865668.9,192029.85,3003509.7387,227970000.0,51,108062.24,110259.9822374924,Platinum
C1314,8030594.300000001,28107.09,3774090.7804,36000000.0,6,127157.48000000001,110098.54688834072,Platinum
C167,68349098.4,273396.42,1841265.8832,94482000.0,50,185506.05,110093.5534914088,Platinum
C550,22493460.0,78727.13,2001021.1741,112250000.0,15,108228.8,109555.35603330254,Platinum
C658,37283774.3,111851.31999999999,2540265.8963,94250000.0,29,143316.63,107700.8993933237,Platinum
C685,62269415.0,155673.54,8042257.1114,172860000.0,12,108901.59,107231.66809558941,Platinum
C548,28198953.9,112795.81,3322734.7876,69900000.0,20,137696.46,107149.38622322916,Platinum
C160,74233128.5,259815.98,2603074.8847,0.0,56,94734.31,106456.78639029477,Platinum
C814,53415582.0,155289.99,9882169.3231,153340000.0,11,22587.88,104833.38111709825,Platinum
C908,29808008.400000002,89424.03,6662275.0962,131225000.0,25,113826.79,103634.0728144022,Platinum
C1194,53991411.800000004,134978.53,50376962.7892,500000000.0,10,112055.17,101472.29899330599,Platinum
C94,74829092.3,299316.36,2305324.3542,175517450.0,50,91115.99,101286.73833505901,Platinum
C540,21432921.8,85731.69,3628332.9916,216000000.0,24,127184.02,101217.73415575262,Platinum
C398,20164881.9,80659.53,4246838.416,46000000.0,23,78625.19,100983.02033882757,Platinum
C641,48822015.2,195288.08,3943138.8368,24700000.0,19,122482.06999999999,99101.22602637621,Platinum
C437,28853067.6,115412.27,12773953.0206,245300000.0,27,108965.31999999999,98089.40355320774,Platinum
C595,163711717.3,327423.44,307927136.5593,4312000000.0,14,94633.13,97465.55442597385,Platinum
C161,18033596.1,72134.38,4737497.6338,35200000.0,22,93567.20999999999,94286.70830006026,Platinum
C251,35901246.8,107703.74,6149192.592,550941000.0,33,107479.34,93564.30694369739,Platinum
C344,50093033.199999996,200372.12,2096116.8061,95305000.0,35,188954.24,93531.26403712934,Platinum
C689,25547184.7,102188.76000000001,478639.7883,138489500.0,29,101695.51,91819.89393904492,Platinum
C558,59422769.699999996,148556.96,8617696.9652,99846000.0,18,71586.28,91488.38621686569,Platinum
C85,26951543.5,80854.63,1254145.2399,52540000.0,20,38.34,90999.7962858855,Platinum
C346,31699461.6,126797.84,5314045.914,115000000.0,23,84941.07,90888.3455572392,Platinum
C1045,47587400.3,142762.21,2975018.6652,97369000.0,18,106567.83,90770.95106520566,Platinum
C135,19168361.5,76673.46,1108643.2253,20534000.0,23,157469.51,89268.78270363339,Platinum
C141,41620192.0,145670.68,19046116.7656,187275000.0,5,93251.03,89063.23927572886,Platinum
C831,24468343.4,53830.36,11198015.8601,15080000.0,8,102411.5,86675.97655400493,Platinum
C354,56763996.4,227055.99,5274364.3989,97920000.0,20,41882.549999999996,86372.73608021477,Platinum
C20,55345389.2,166036.18,939347.3816,77520000.0,28,84657.09,85226.99364459555,Platinum
C88,27879617.6,111518.48,853655.559,31205701.0,41,89062.23,85204.8901219081,Platinum
C59,25494796.4,101979.18000000001,1123107.4652,36714000.0,24,19219.26,85044.52369487578,Platinum
C24,55255417.1,193393.97,1020032.8899,174808000.0,51,132956.73,84552.157861446,Platinum
C21,52184530.6,156553.6,1589577.6407,54348000.0,22,115165.6,84521.21357613005,Platinum
C660,34626725.9,69253.45999999999,3735611.1848,48515704.0,11,123808.23,84177.72585397602,Platinum
C603,58304610.7,145761.54,2390573.6649,84364500.0,15,71568.74,84060.88416492555,Platinum
C200,139855000.0,279710.0,24345513.1541,288270000.0,9,72751.0,83412.3709718086,Platinum
C1053,20589840.6,82359.38,3414080.058,50016400.0,14,77093.8,82354.40240967897,Platinum
C170,36329840.0,108989.54,683534.4729,39116500.0,39,107463.38,80845.25426926119,Platinum
C300,36947214.2,110841.67,9127227.1565,198061600.0,32,75623.84999999999,78758.30735629931,Platinum
C711,26371304.2,105485.22,806043.3856,56004000.0,16,96269.7,78445.77987816937,Platinum
C906,38587854.7,154351.42,1188308.5032,145376000.0,28,58345.1,77813.53120762964,Platinum
C720,25089922.5,75269.76,5744754.9108,46004500.0,9,56818.509999999995,77001.31107672486,Platinum
C192,31117132.400000002,93351.4,2444226.1111,221820500.0,31,79579.11,76861.40985333276,Platinum
C756,19090685.0,76362.74,402619.3844,75408599.66,29,54399.1,76178.56037729944,Platinum
C3,28563895.0,71409.79,5444586.863,112500000.0,50,80402.49,75779.4590305693,Platinum
C32,27330403.3,68326.01000000001,4162719.2761,163320000.0,12,0.0,75706.26205142986,Platinum
C1520,25186710.4,75560.14,2637226.8688,36407000.0,14,88097.32,75601.75321559355,Platinum
C680,9127284.8,45636.44,460707.5404,40914000.0,36,119937.98,74641.98347582243,Platinum
C132,25304454.4,75913.37,796799.06,32100000.0,27,66681.35,74481.45354551426,Platinum
C781,29684879.5,89054.63,6584938.1013,72836000.0,16,0.0,74275.2987169825,Platinum
C446,20812672.9,83250.7,3842198.717,24300000.0,9,75056.02,74068.38707521844,Platinum
C553,77044237.6,308176.93,10555104.5143,266600000.0,31,65888.57,72414.25246325227,Platinum
C307,19252524.0,77010.09,3301090.0896,41580000.0,21,16884.31,72182.21921436854,Platinum
C664,49752629.0,149257.89,7923899.0533,6200000.0,31,35747.22,71620.25808444373,Platinum
C164,14596980.4,43790.94,12781891.4461,35500000.0,10,168282.09,71119.96870135546,Platinum
C116,99385246.2,298155.75,1465316.7802,215270000.0,38,58357.86,71119.82974991517,Platinum
C162,18415916.8,73663.66,747634.3112,18890000.0,22,59229.479999999996,70663.7883524305,Platinum
C389,20148698.3,60446.09,3182536.614,74160000.0,26,86830.9,70035.48283419732,Platinum
C537,22700959.6,90803.82,2714738.1012,15033000.0,10,55179.93,69165.71098242368,Platinum
C76,65213669.8,163034.19,1492853.0112,194454000.0,26,74166.74,68711.66485763244,Platinum
C191,32421730.2,129686.89,2419744.5144,36000000.0,36,35356.73,67067.78027788573,Platinum
C27,41528351.6,166113.39,1270678.8182,26096900.0,43,66503.51,66104.14912497377,Platinum
C765,33575014.4,67150.03,4240731.7993,28415696.0,8,99613.81,65960.96159580362,Platinum
C227,41983396.2,104958.51,1860313.4689,176815000.0,45,43682.67,65476.1963683762,Platinum
C1203,36703454.9,91758.66,4536149.2002,63020000.0,15,39532.22,64627.85619146923,Platinum
C616,28797290.8,84637.37,7092087.4919,94860000.0,9,5575.07,64538.249006247446,Platinum
C839,16566896.9,41417.25,10702068.3414,160330000.0,12,91862.54,63409.0463455195,Platinum
C563,21630884.1,86523.54,10560657.7749,102100000.0,15,308547.58999999997,62812.14198676709,Platinum
C1263,14425327.0,57701.3,5373496.3924,39450000.0,15,105610.06,62629.16161704009,Platinum
C872,20740535.8,62221.61,3684626.2904,34778200.0,11,38046.26,60720.92947976991,Platinum
C165,31682697.4,95048.09999999999,1480426.9502,56280000.0,21,42236.98,60115.74859954013,Platinum
C261,9828134.1,39312.54,5704266.627,22140000.0,8,92911.19,59927.48435478122,Platinum
C1283,14570541.5,43711.62,13099774.6223,72780000.0,3,0.0,59791.23056802265,Platinum
C815,18092817.4,54278.450000000004,4442599.6787,83550000.0,19,68144.31,59339.42652876051,Platinum
C1073,9615628.9,38462.51,10794827.588,177750000.0,15,65439.130000000005,59057.43105886412,Platinum
C264,10034118.2,25085.29,1410082.5379,17157000.0,6,0.0,58940.254929526425,Platinum
C1376,18617362.0,46543.41,7610343.8147,159550000.0,23,82148.92,58742.99293920501,Platinum
C384,27503895.9,96263.69,791465.5883,266471000.0,43,58957.83,58711.46869552327,Platinum
C739,24477341.4,97909.36,1338860.662,33000000.0,11,118193.03,58154.83070126347,Platinum
C491,24826883.5,62067.23,7416743.1721,60396000.0,21,44865.36,57345.03309914694,Platinum
C787,40930167.5,102325.43,2718939.3407,109014525.0,27,29603.48,56781.026074954374,Platinum
C679,33795129.0,101385.38,9423122.933,0.0,28,37259.88,54236.70017195928,Platinum
C43,38031454.4,114094.37,7470430.3788,451800000.0,18,34317.8,54128.23953732137,Platinum
C114,19427601.2,58282.81,11048257.8208,105600000.0,33,18277.010000000002,53731.48310125438,Platinum
C113,28240666.5,84722.02,544533.5807,119504500.0,59,51065.9,53675.96107748809,Platinum
C148,19696850.099999998,65484.310000000005,4191362.4894,82714500.0,22,36622.36,53576.57496651411,Platinum
C586,17585502.3,61549.3,968723.8055,38000000.0,40,48549.22,53099.10335017292,Platinum
C308,9685416.0,33898.98,8284561.0691,127290000.0,18,82009.3,52769.50515512567,Platinum
C569,29882503.4,89647.48999999999,798096.5978,96000000.0,24,22554.21,51743.20728135386,Platinum
C327,117392500.0,117392.5,2613277195.8912,64596402000.0,9,49350.5,51686.688483189726,Platinum
C504,14483000.5,50690.54,3687228.4034,101862800.0,28,63452.05,51323.9747034714,Platinum
C1126,19426015.5,58278.04,2177651.3667,103630000.0,26,71422.66,51173.36551014974,Platinum
C1604,24514.5,122.58,4061313.722,6000000.0,2,94407.04000000001,51000.33609604823,Platinum
C833,41335237.0,120277.01999999999,11441919.2764,163535000.0,10,35626.4,50979.51767282275,Platinum
C1356,17415909.7,69663.64,3109430.774,45045000.0,10,41602.31,50930.42876437379,Platinum
C242,45560596.9,113901.48,10266881.0355,90000000.0,15,57928.86,50849.34376205784,Platinum
C1338,16951928.6,67807.71,1705457.2936,22400000.0,8,41709.240000000005,50820.43473040189,Platinum
C236,32749094.0,72048.02,1839206.9425,84411942.6,15,49793.47,50563.01000531373,Platinum
C62,37340488.2,149361.95,812578.2284,30000000.0,30,44176.37,49990.86310360162,Platinum
C613,30950949.2,92852.86,1750021.3606,9009000.0,18,50442.21,49554.4278209089,Platinum
C243,5239420.9,20957.69,2758917.532,73944000.0,26,58265.4,49551.84448353482,Platinum
C587,16317655.1,57111.799999999996,2630418.2281,36920000.0,10,39615.47,49267.19344832421,Platinum
C145,20092122.3,70322.46,325967.4184,57820000.0,28,54236.62,49143.37833807579,Platinum
C559,15422827.9,61691.31,84257889.2432,4500.0,9,50555.09,49003.984882257246,Platinum
C865,2602932.0,6507.34,3716097.8737,0.0,2,0.0,48544.66760376086,Platinum
C339,9679437.8,33878.04,2838831.6268,17826000.0,6,75397.09,48435.97925878447,Platinum
C1436,12097396.7,36292.19,11804914.2899,0.0,4,442171.86,47937.93529415236,Platinum
C177,40174548.8,100436.39,1923296.0484,92437500.0,29,38107.48,47625.50285528268,Platinum
C762,20603284.7,61809.86,1790631.4024,89600000.0,16,66609.27,47579.633967345355,Platinum
C276,50186977.8,125467.45,7076691.9184,60000000.0,12,45973.219999999994,46925.631791066546,Platinum
C1196,15800041.9,47400.13,19479548.0369,140000000.0,7,47829.15,46823.003075535475,Platinum
C109,17340376.5,69361.49,1107402.8852,25200000.0,18,0.0,46696.646680234415,Platinum
C77,17399510.7,60898.3,1128524.6273,23000000.0,46,42762.03,46283.22316126436,Platinum
C1300,28749286.7,86247.87,18790885.6381,95250000.0,5,39326.72,46277.25412213161,Platinum
C312,23232190.9,92928.78,2137614.4896,26400000.0,13,0.0,44794.91628599441,Platinum
C105,18310342.0,54931.03,11537089.2138,384000000.0,30,17057.760000000002,44583.99562930603,Platinum
C786,14026016.0,49091.06,11719690.0719,82680000.0,8,1421.6999999999998,44334.62908928878,Platinum
C226,21881922.0,65645.76,1930917.6931,72956530.0,19,25094.43,44119.40889033303,Platinum
C272,21373030.3,64119.08,2008433.6751,42890000.0,13,51105.97,43845.4591504336,Platinum
C1013,16508942.1,66035.78,2021334.056,166549000.0,19,16814.8,43796.12517192742,Platinum
C96,70272821.2,175682.08000000002,1316390.0404,95120000.0,41,12622.41,43595.825369925384,Platinum
C539,2000375.5,5000.94,5064460.0205,7300000.0,2,97494.5,43437.04495872043,Platinum
C478,6513122.7,22795.94,4997378.0331,75000000.0,15,8298.1,43314.65781055836,Platinum
C61,20288642.8,71010.27,1303436.3849,0.0,47,54965.55,42748.332769531895,Platinum
C51,17676028.4,70704.12,367120.4208,201864000.0,48,24715.38,42649.07145837319,Platinum
C1209,7246650.6,28986.61,3551021.49,14500000.0,10,49696.9,42645.64255426121,Platinum
C86,16635840.1,58225.479999999996,1158220.4651,44000000.0,44,42478.14,42446.31157029809,Platinum
C583,18917454.8,66211.09,894761.5793,77980000.0,16,38674.36,42083.39443343253,Platinum
C1191,17030773.8,59607.72,2462875.8832,45000000.0,15,27847.75,41979.94160830913,Platinum
C131,9252353.9,34866.73,1813131.7518,25450000.0,41,30716.05,41806.91562857597,Platinum
C317,17018891.5,68075.57,766083.0949,27144000.0,27,39224.18,41744.72181279472,Platinum
C144,11342090.5,34026.28,10779206.073,838777350.0,43,45728.39,41668.09736418708,Platinum
C90,698100.6,2094.3,552602.2749,16986200.0,6,84859.71,41634.09637916687,Platinum
C936,20603295.3,51508.26,5265290.9304,24250000.0,24,17075.02,41424.60077738362,Platinum
C1179,8432158.0,33728.63,2442955.3395,22200000.0,12,58559.37,41229.8001822052,Platinum
C18,15518813.3,62075.25,2103159.2176,81672000.0,25,47676.79,41203.465703118294,Platinum
C890,21833289.2,65499.880000000005,4384010.4595,42250000.0,13,34167.34,41191.52698841608,Platinum
C168,14151375.9,56605.5,1281207.5604,13838000.0,13,443.24,40811.707483598824,Platinum
C228,35840647.9,125442.28,2039380.8537,0.0,51,92372.0,40795.236869689936,Platinum
C744,4613412.0,18453.65,3374494.5459,178815000.0,13,50704.0,40184.569186887435,Platinum
C44,35939784.3,107819.36,3037833.5299,291905490.0,29,0.0,40072.48515839279,Platinum
C313,50956863.6,127392.15,7255841.5142,60000000.0,12,43196.76,40042.55388883398,Platinum
C290,50206465.1,125516.17,7329790.1893,60000000.0,12,45819.770000000004,40042.55388883398,Platinum
C1122,8359801.9,33439.21,2206666.1723,47740500.0,9,55617.02,40023.83183629817,Platinum
C522,16249905.5,56874.66,7420848.5222,6000000.0,15,43030.41,40021.190594865635,Platinum
C891,16314534.1,65258.14,2371057.7876,38000000.0,19,27513.06,39972.11927283667,Platinum
C183,9818028.7,39272.09,1364018.3424,249628500.0,33,2421.1,39165.13665566886,Platinum
C117,9191682.0,36766.72,1741186.3036,24600000.0,19,46270.92,38942.14076818043,Platinum
C807,20567809.5,61703.43,1684839.3674,30000000.0,12,5876.04,38667.76885954221,Platinum
C483,4015083.7,12045.25,38425113.8132,0.0,8,65505.06,38222.87125072332,Platinum
C1243,10388137.7,41552.55,2670851.7461,60681900.0,19,78236.71,37099.58509922413,Platinum
C140,13194282.9,52777.13,1328877.298,55793500.0,19,58964.93,37069.922473054234,Platinum
C1096,9176132.8,27528.39,1633468.3028,5175000.0,3,79215.53,36953.00236319406,Platinum
C248,8594560.7,34378.24,1112196.0056,72478000.0,21,35442.43,35984.152696726844,Platinum
C11,15663417.6,54822.03,942816.2687,48600000.0,54,43326.84,35651.13567924049,Platinum
C1081,10998917.9,32996.759999999995,1606214.1693,29696000.0,18,57772.119999999995,35601.87563442451,Platinum
C373,15216733.3,45650.23,4018553.0882,118236000.0,36,16928.49,35417.77539674327,Platinum
C1303,19650425.4,39300.85,2794301.0856,15513000.0,5,65120.18,35175.19680132841,Platinum
C70,13602895.4,34007.26,21350281.4259,630749550.0,37,25977.579999999998,34836.375266930074,Platinum
C838,8946205.7,26838.62,3349604.3231,17774000.0,9,120916.75,34412.416135985135,Platinum
C295,28189732.0,98664.13,684040.1937,430000.0,48,17632.18,34364.824260246256,Platinum
C204,12306963.9,43074.41,799268.3002,36800000.0,46,36670.1,33978.223358545634,Platinum
C17,5578957.5,22315.83,2733730.0809,16498500.0,4,0.0,33849.12348190074,Platinum
C39,4542961.5,15900.4,1414887.4193,65800000.0,47,40246.13,33841.320761013245,Platinum
C740,16428972.1,57501.42,3927583.2407,218850000.0,25,21157.09,33763.34463027171,Platinum
C89,14332267.9,42996.799999999996,7430482.3563,19950000.0,19,13405.01,33538.0110938742,Platinum
C898,2885957.0,11543.83,10699742.2676,20400000.0,12,59177.69,33493.37450031277,Platinum
C620,7040406.0,35202.07,332751.352,52555880.0,44,16327.87,33410.2378541712,Platinum
C97,8561787.9,34247.15,1142824.9132,39585000.0,13,298542.33,33339.12427912812,Platinum
C341,4475729.8,17902.92,1645747.3644,130482000.0,35,1563.9,33301.68966687944,Platinum
C645,35669309.6,71338.62,95352374.2377,1712000000.0,20,26420.61,33222.42395278144,Platinum
C454,13912771.8,41738.33,2405700.5684,444648000.0,24,51144.43,33050.0413173819,Platinum
C862,5767942.0,23071.77,2065434.8172,15520000.0,10,7487.35,32770.98872436904,Platinum
C618,9157429.2,30560.14,1984449.4815,19200000.0,8,16841.620000000003,32715.337563104782,Platinum
C1255,10249223.8,40996.89,5617186.2816,30310000.0,7,19814.45,32630.106167946054,Platinum
C775,43917365.9,153710.8,3257438.6348,16500000.0,11,75759.71,32456.351516687733,Platinum
C899,6930270.0,17325.68,5086081.461,18960000.0,8,23475.96,32374.99094655463,Platinum
C895,4500985.6,8101.77,12434016.3226,69335800.0,8,17357.14,32348.643483444288,Platinum
C418,9619558.0,24048.91,4612326.1506,8400000.0,14,64444.6,31999.179115101626,Platinum
C42,16777736.9,50333.22,3758655.2212,217826700.0,21,12828.45,31880.390670874676,Platinum
C949,13443845.3,24198.920000000002,4834202.6191,70353750.0,7,45602.48,31848.46550432132,Platinum
C337,15190987.8,60763.96,456896.3776,25125000.0,25,35690.09,31825.047676157003,Platinum
C163,7953551.3,31814.21,1421468.0559,12000000.0,12,52670.44,31821.590807973196,Platinum
C1544,2750619.2,11002.48,3635805.3254,13640000.0,2,60339.11,31728.721856833778,Platinum
C1050,10528648.6,42114.58,1860803.7392,33603200.0,16,41893.81,31698.989971736737,Platinum
C494,15914817.4,39787.07,1524283.6929,26885000.0,17,58185.33,31656.07008738818,Platinum
C36,8934597.5,35738.39,586671.0264,91553400.0,46,8218.98,31642.89938551646,Platinum
C1344,12709414.9,50837.659999999996,1847629.02,20000000.0,8,39412.75,31239.720851967693,Platinum
C196,16545364.3,49636.090000000004,25952638.3176,0.0,22,25273.46,31210.954612352598,Platinum
C319,10479590.5,36678.56,2061643.9331,42376600.0,23,3827.27,30869.09830754571,Platinum
C1230,5447356.4,21789.43,4350734.8477,4000000.0,2,0.0,30792.233695829025,Platinum
C1254,6801997.7,23806.989999999998,6571609.2208,18800000.0,2,19213.6,30723.623049569964,Platinum
C254,12060917.1,42213.229999999996,1033981.3065,35397000.0,38,31117.91,30666.700888475778,Platinum
C273,5864263.1,23457.05,886314.1404,9620000.0,13,21541.75,30666.59585617476,Platinum
C1229,16743709.3,66974.84,3984984.3538,51600000.0,6,23996.0,30486.429683828777,Platinum
C222,8740366.6,21850.97,1109642.1602,143660000.0,51,21273.95,30237.76137727879,Platinum
C1466,7138854.600000001,21416.56,1603034.157,26230000.0,8,79226.08,30173.520317841794,Platinum
C80,40408649.9,161634.6,3893240.5876,39240000.0,12,4980.04,29683.122321522802,Platinum
C324,38881760.8,136086.2,4412815.4793,650000000.0,52,12034.970000000001,29644.385873898464,Platinum
C905,14236319.8,56945.27,2164591.3808,0.0,22,35875.41,29629.288418370823,Platinum
C1185,10735382.4,26838.449999999997,5630348.8314,20560000.0,6,46619.47,29624.564633117458,Platinum
C369,6560028.9,26240.120000000003,1232318.7185,10830000.0,5,44237.95,29335.311930610897,Platinum
C362,29931691.5,104760.95999999999,5303071.287,625000000.0,50,17145.23,29283.411962669317,Platinum
C1298,6860.0,20.58,4223239.0369,0.0,1,46598.840000000004,29173.640859220362,Platinum
C844,5887864.2,23551.46,3302109.2736,28572000.0,14,27490.79,28939.945148494542,Platinum
C284,9560654.1,28681.95,17499674.857,61200000.0,8,19.41,28925.22500292732,Platinum
C63,36101344.5,126354.7,1195839.1545,66884000.0,54,13453.61,28909.3304150203,Platinum
C476,34189987.9,61541.97,35406962.6459,333660000.0,8,4651.28,28862.620835176265,Platinum
C159,16364530.2,65458.14,443851.9748,22596000.0,28,39739.14,28623.5183520192,Platinum
C35,1104720.6,3314.16,3223205.1404,27790000.0,11,6640.43,28606.1346316095,Platinum
C130,5724075.6,11448.16,19029847.5257,906530310.0,46,8404.41,28467.95585688642,Platinum
C14,9816466.2,34357.68,382069.8871,19043000.0,41,18683.65,28464.728388057214,Platinum
C742,14061908.9,42185.72,877677.7721,25500000.0,17,41693.36,28373.92401471544,Platinum
C153,6360477.8,15901.21,4157154.3157,88760700.0,21,21482.36,28334.404899751546,Platinum
C1402,6868952.9,24041.35,2735275.7649,40515000.0,15,54535.92,28269.942228517517,Platinum
C1056,8932629.6,31264.22,877109.3069,0.0,31,31727.75,28261.243509527576,Platinum
C28,15406434.5,46219.299999999996,1868401.2787,90240000.0,32,4885.73,28245.625504458265,Platinum
C617,9751692.1,39006.78,987388.6456,24480000.0,16,12608.480000000001,27933.27913674409,Platinum
C1183,10619876.2,42479.51,1269684.7982,44529200.0,10,23290.85,27716.914782913034,Platinum
C37,7168101.8,28672.42,1137475.11,11700000.0,9,53795.94,27642.24191959222,Platinum
C55,28682727.7,114730.90000000001,751259.2644,44600000.0,25,0.0,27604.103056253676,Platinum
C1059,14455393.5,43366.18000000001,2053225.9517,31592000.0,4,9369.41,27586.470443036036,Platinum
C687,10662788.8,37319.76,1642278.902,23500000.0,12,52052.33,27401.952559230995,Platinum
C396,6596574.8,23088.03,824647.2888,0.0,35,15257.07,27382.744958604875,Platinum
C601,4320919.4,10159.470000000001,2125232.5018,30240000.0,33,61890.93,27288.978172019488,Platinum
C219,5406130.3,21624.52,837680.3211,11920000.0,8,21733.97,27245.91498195317,Platinum
C1049,1348874.0,2697.75,46160051.5618,3271000.0,2,3766.59,27233.39242394005,Platinum
C60,6568811.0,22990.85,996675.1287,20208000.0,16,50029.88,27192.230181306673,Platinum
C774,13573659.9,40720.990000000005,1835202.0797,37036000.0,4,2476.2,27108.17652999398,Platinum
C981,5414855.8,21659.42,2478681.382,38500000.0,7,28501.59,27077.4549571819,Platinum
C957,7215356.0,21646.07,2817741.6467,20630800.0,4,7608.05,27066.4951997038,Platinum
C283,6186298.2,21652.079999999998,1504682.8753,59494450.0,31,9887.15,27055.659214909374,Platinum
C57,5688780.4,17066.34,2339141.272,0.0,15,56382.31,26982.381427450295,Platinum
C322,8676667.0,26030.0,1735694.3696,23400000.0,6,45727.91,26971.98684048576,Platinum
C1176,14366647.8,35916.66,1949689.2616,16748480.0,30,12100.04,26875.607987753097,Platinum
C1221,12561583.0,43965.55,2429890.1238,121888000.0,14,17526.120000000003,26856.36816010533,Platinum
C597,8339525.1,25018.58,4122360.5337,61337200.0,17,21234.02,26679.25489354305,Platinum
C99,5281672.4,21126.68,1159968.018,39400000.0,10,74306.71,26609.768120765984,Platinum
C650,8425869.7,25277.61,1564943.4909,13500000.0,9,6537.75,26505.283939661607,Platinum
C1140,13313685.6,53254.740000000005,1454205.6576,15800000.0,11,12300.52,26417.838864045116,Platinum
C1354,9120340.3,27361.019999999997,2265549.7561,3486000.0,2,8.82,26310.891974488615,Platinum
C817,6948436.9,27793.739999999998,1418407.2256,22780000.0,17,2783.51,26309.69127284366,Platinum
C58,17724520.2,44311.36,201170.805,59059000.0,39,15060.97,26264.367660713604,Platinum
C1035,3974707.0,7949.41,12486100.8031,10735000.0,5,17568.02,26181.808223570377,Platinum
C121,4668157.2,18672.64,1437389.5428,42821500.0,17,39650.69,26157.16703104976,Platinum
C665,16296944.4,29334.49,3451621.6628,46200000.0,17,34703.11,26042.631650301155,Platinum
C326,4698249.2,18792.98,922282.6016,54600000.0,35,18469.83,25999.34832178647,Platinum
C1154,6631332.7,19894.0,5330169.4596,30000000.0,5,8710.35,25991.619648460983,Platinum
C1291,9821150.6,34374.05,1209195.6929,13200.0,22,36808.77,25918.481333767395,Platinum
C606,7404175.0,25914.63,315725.8593,14497000.0,19,22177.45,25888.49234611039,Platinum
C1471,4957135.4,14871.41,5180579.6403,10000000.0,2,30560.17,25819.772026869956,Platinum
C1371,4877460.6,19509.84,820204.8188,11000000.0,10,53821.16,25814.455065582533,Platinum
C1240,7115494.6,28461.98,2771332.6216,20400000.0,9,35101.35,25774.966362291194,Platinum
C68,9091815.4,27275.46,2575459.0273,46200000.0,18,44533.630000000005,25629.363339268493,Platinum
C1252,10713038.8,42852.159999999996,7410117.0556,51765000.0,7,20937.04,25588.906824966387,Platinum
C963,16561567.5,57965.53,2446909.3292,0.0,16,18647.42,25580.12512556271,Platinum
C727,6536777.8,26147.11,6598631.6684,8000.0,16,20034.59,25452.03020148789,Platinum
C1095,7733291.0,19333.23,3127754.0141,18000000.0,4,92132.41,25446.327358975275,Platinum
C1505,6518773.4,26075.1,2432328.2052,12000000.0,7,30150.910000000003,25395.89414791344,Platinum
C391,7383959.8,22151.87,1754682.1417,0.0,10,19465.33,25329.32731738995,Platinum
C1289,4440655.2,17762.62,7043122.8556,37546000.0,5,45733.92,25307.349245358648,Platinum
C334,15774972.2,63099.88,1284989.2413,10500000.0,21,30256.800000000003,25176.28161327231,Platinum
C623,22027179.700000003,66081.55,5703208.7609,3250000.0,5,5931.23,25042.714709179218,Platinum
C549,6844994.5,23957.54,610347.6139,73745276.0,44,14139.19,24727.20147364396,Platinum
C728,10979567.9,32938.71,3859981.1959,0.0,21,12023.59,24684.37789910907,Platinum
C763,6040848.6,18122.56,2882692.674,80800000.0,16,28971.74,24533.233786568173,Platinum
C214,13397279.7,53589.11,1346448.344,96033124.0,27,8896.32,24508.079366605707,Platinum
C75,6850231.2,20550.690000000002,2417633.2667,13735600.0,19,13774.26,24330.85750560922,Platinum
C120,7887811.8,23663.45,3062890.2029,95450000.0,39,40128.21,24260.635215990547,Platinum
C129,9028849.6,27086.56,9066001.5081,152188730.0,13,4361.700000000001,24235.270196138714,Platinum
C857,4972052.5,19888.21,4262034.3348,44152000.0,6,14909.11,24230.235147818574,Platinum
C1236,4143204.3,12429.63,3764368.0229,39078000.0,18,10253.04,24137.14880814355,Platinum
C688,8039872.199999999,24119.620000000003,7577957.0687,17956400.0,3,0.0,23867.243422329273,Platinum
C748,6438365.800000001,16095.91,1887182.1015,24613000.0,4,71636.67,23831.731255868177,Platinum
C1169,12194966.6,36584.9,7700176.643,34721000.0,14,23640.32,23822.42804020111,Platinum
C1579,4884232.5,17094.81,2049415.3621,13942000.0,4,53212.11,23798.44602217735,Platinum
C351,4417725.9,17670.89,2308092.0568,108000000.0,18,83357.94,23433.47278572833,Platinum
C751,1017305.5,4069.22,4890671.9094,55168400.0,7,813.6,23347.452971817693,Platinum
C1389,6714484.0,26857.93,403422.3836,14636349.26,13,35827.79,23347.220225865218,Platinum
C794,4637394.8,11593.49,4747590.3056,11200000.0,4,457.27,23078.91748642036,Platinum
C119,6266282.6,25065.13,358361.6396,12170000.0,18,8406.33,23023.029747169465,Platinum
C668,5875484.7,17626.45,2009356.1646,6000000.0,4,38660.24,22986.0122427241,Platinum
C1190,6981411.7,27925.66,2033435.1199,23500000.0,12,26192.57,22945.399939312727,Platinum
C743,4304186.0,17216.74,2331969.412,22400000.0,14,15860.54,22914.439449115427,Platinum
C166,5141928.1,20567.71,2346765.5556,28050000.0,11,3340.88,22809.620079406097,Platinum
C1253,35129053.9,105387.17,8319858.2346,194196000.0,12,0.0,22786.191749763875,Platinum
C845,7425430.1,22276.29,3285232.7755,27961000.0,9,5437.25,22750.70005862079,Platinum
C23,7756179.2,31024.72,969166.462,58864000.0,26,34328.27,22744.591066155168,Platinum
C225,7616286.1,26657.0,2325524.2428,10140000.0,15,16898.43,22732.68290936844,Platinum
C651,4995147.8,19980.59,1372783.8368,7560000.0,12,25556.43,22692.289912500724,Platinum
C848,4827512.7,19310.05,1168197.7056,2603000.0,6,15908.480000000001,22630.3478808537,Platinum
C45,10336343.2,41345.38,555375.104,35159000.0,20,0.0,22610.902036544026,Platinum
C1010,9810073.100000001,29430.22,2525905.0623,19267500.0,3,0.0,22504.912809367794,Platinum
C1513,4283509.5,17134.04,1075060.246,3400000.0,2,62587.479999999996,22466.650570007856,Platinum
C1092,7430396.0,29721.58,5473273.4724,30005000.0,5,7466.79,22139.964556173007,Platinum
C1207,4372785.1,17491.14,1853468.6796,0.0,11,10556.79,22125.953817529116,Platinum
C1007,10482931.5,41931.71,2770541.9948,4800000.0,11,27783.82,21938.73154233437,Platinum
C851,4434948.0,15522.32,5873698.9162,9600000.0,4,40528.619999999995,21926.888843002085,Platinum
C1188,11769514.6,25892.940000000002,15979093.9975,51000000.0,3,18386.949999999997,21867.617722830495,Platinum
C189,13456980.0,47099.46,730416.1215,44950000.0,29,17146.18,21855.68876084752,Platinum
C1198,5083112.9,20332.46,1058354.0664,8580000.0,10,26228.98,21808.92997229572,Platinum
C636,4567829.5,18271.31,1073371.0568,4030000.0,13,11223.17,21793.315233217385,Platinum
C1592,6445155.7,19335.47,15466070.6229,0.0,3,10530.27,21781.54377207838,Platinum
C92,14948183.2,52318.65,444586.2812,82753600.0,24,22200.39,21780.594753803332,Platinum
C1269,317470.0,1269.88,4003624.0476,3531000.0,2,694.3,21774.558421062866,Platinum
C302,4530055.3,13590.17,2790315.9276,21930000.0,17,10134.0,21770.6030442423,Platinum
C492,2924102.3,8187.5,3352930.1743,58680500.0,17,4629.82,21760.96486682757,Platinum
C974,6614008.4,26456.03,1999637.9312,8000000.0,4,18672.4,21753.68323201903,Platinum
C1202,4721326.2,18885.3,929917.3428,6000000.0,4,12145.17,21694.053153983125,Platinum
C111,25213624.9,55470.0,891951.5597,23000000.0,25,51577.28,21678.821604291625,Platinum
C1381,4393242.8,17572.98,1731327.8344,28080000.0,13,20502.04,21668.628231905972,Platinum
C782,5577428.6,19521.0,297951.5627,5000000.0,10,10339.59,21598.51247938471,Platinum
C370,10308576.8,22678.86,841209.4836,80848000.0,26,18450.21,21579.413984873037,Platinum
C913,6388991.0,19166.97,9388004.2496,165000000.0,11,28702.64,21462.674744199056,Platinum
C352,4388306.4,17553.23,1162035.3924,7700000.0,11,11054.88,21411.05991097953,Platinum
C1146,5693151.3,17079.45,1010014.0726,55341000.0,11,0.0,21376.366347451152,Platinum
C611,6239816.3,24959.26,1892835.8934,8100000.0,5,3146.62,21237.30909257497,Platinum
C397,43731873.5,174927.5,14275543.3449,0.0,12,368.58,21189.754465359794,Platinum
C1089,34690702.2,121417.46,2989493.7668,25000000.0,5,215399.22,21158.485631810167,Platinum
C1388,7331572.8,29326.29,619621.3088,6575000.0,12,62412.18,20987.91899386731,Platinum
C182,4942877.7,19771.510000000002,324932.7142,18914000.0,7,0.0,20979.726003209194,Platinum
C656,15595055.3,38987.64,730275.7466,15455000.0,11,28372.65,20947.684634829053,Platinum
C271,18987322.3,66455.63,1613247.9797,1342000.0,22,0.0,20942.77447117389,Platinum
C311,12449767.8,43574.2,1128066.8499,9250000.0,37,32824.21,20842.824900470074,Platinum
C991,20570446.0,55743.99,1192855.6224,26892000.0,26,67951.08,20761.11168397945,Platinum
C484,10221889.3,30665.67,1107068.7803,22522500.0,15,324.8,20723.82493315994,Platinum
C702,14807774.4,59231.09,793563.126,5500.0,11,93875.56999999999,20680.120105970276,Platinum
C1317,12548399.1,12548.4,77075242.9217,969069551.0699999,3,27679.14,20665.26173669906,Platinum
C282,6152670.0,24610.67,351052.6945,6756000.0,8,8637.03,20583.915107501656,Platinum
C937,18333696.3,55001.1,1188595.326,21478600.0,11,4116.3,20550.860447388863,Platinum
C790,8289612.1,20724.05,376074.2092,17380000.0,22,25855.62,20489.13046931232,Platinum
C1345,5023195.5,20092.79,539651.7556,4800000.0,8,32014.32,20415.47525691095,Gold
C767,4564738.4,15976.6,574246.0454,4400000.0,8,16315.880000000001,20415.47525691095,Gold
C410,2569594.0,7708.78,3764909.4061,8000000.0,2,0.0,20407.519218583504,Gold
C864,4432752.9,13298.26,1431004.9007,3718000.0,2,87211.43,20404.524395840363,Gold
C38,12964820.3,38894.5,331831.0928,70138500.0,57,19083.83,20378.38038579183,Gold
C1002,7492073.1,29968.29,4172784.8284,29766000.0,11,18426.16,20234.37257942404,Gold
C801,5477212.8,16431.65,562639.1063,20940000.0,15,20201.9,20182.45520862096,Gold
C562,4819616.5,14458.85,2411576.7386,33150000.0,17,11887.84,20172.414152939127,Gold
C234,2845383.0,11381.53,1668001.492,20409000.0,41,24252.77,20166.71912445502,Gold
C661,14697792.8,44093.39,1944918.5457,187440000.0,40,15205.39,20025.580816518323,Gold
C91,9029594.3,19865.11,1084375.6028,102286800.0,9,13420.49,19942.45392198028,Gold
C1422,6337954.8,19013.86,1347307.6397,2455000.0,1,46143.96,19920.576526441546,Gold
C678,5683715.1,19893.01,589678.3549,7620000.0,12,26475.09,19648.766457391914,Gold
C792,5659514.9,16978.54,263666.6795,12757500.0,21,25197.48,19635.016752833282,Gold
C128,10432005.4,31296.01,1703380.8023,59400000.0,27,14714.91,19522.7604614173,Gold
C1558,3220350.0,12881.4,3453463.7904,9000000.0,3,1429.0,19509.567160898932,Gold
C72,12635302.7,44223.600000000006,2285044.7157,209410000.0,43,39322.1,19508.32950580343,Gold
C1540,4438811.7,13316.439999999999,2003071.8649,6000000.0,3,0.0,19311.53524203863,Gold
C528,15394921.6,46184.77,575635.4401,114030000.0,21,39540.29,19298.01494605667,Gold
C840,8240883.3,28843.100000000002,2861562.7288,90000000.0,15,2929.85,19246.909832411253,Gold
C695,6348614.6,19045.83,1122858.6491,9000000.0,6,26323.82,19241.108689294124,Gold
C1160,6321394.1,18964.18,1125253.9177,7148000.0,6,5365.76,19241.108689294124,Gold
C210,6984231.2,20952.7,7169789.4038,121632300.0,19,10130.71,19222.21954968779,Gold
C466,5702307.2,14255.79,2287166.5923,20725000.0,8,5888.21,19196.642463519067,Gold
C193,10537122.9,36879.96,2007663.379,0.0,22,4826.51,19140.582398868486,Gold
C1401,7360902.7,14721.8,1691070.679,19200000.0,12,13824.630000000001,19136.908857580667,Gold
C1537,4218124.6,16872.5,1966559.2832,2760000.0,4,0.0,19090.52375130667,Gold
C281,11015933.1,27539.83,5779449.145,32500000.0,10,0.0,19064.285181560434,Gold
C835,6224286.8,24897.15,567117.1096,7550000.0,25,16259.060000000001,18950.93388418815,Gold
C156,6679549.6,23378.43,3836835.2948,36258000.0,3,0.74,18916.83755308813,Gold
C1426,2018720.0,8074.88,4634122.1628,12646000.0,3,20896.04,18891.934413292878,Gold
C253,4581288.7,13743.869999999999,4540250.6332,28003500.0,7,0.0,18866.509089922485,Gold
C1225,4565956.4,13697.87,869502.7743,0.0,7,53241.840000000004,18792.65538824294,Gold
C197,29585.4,103.55,3488629.6421,74000.0,2,12479.7,18755.041592618156,Gold
C596,6816874.9,23859.07,378756.4379,6000000.0,20,2693.34,18742.36343546279,Gold
C380,6069071.4,18207.21,4129611.7696,112529000.0,14,10300.11,18717.41210505664,Gold
C367,106700.0,320.1,3582920.7006,500000.0,1,0.0,18597.027843147633,Gold
C631,3001346.5,9004.05,3377046.8897,24500000.0,7,3816.51,18537.594953239764,Gold
C1256,5510228.2,13775.58,1858900.6897,14000000.0,2,4772.0599999999995,18522.659006656253,Gold
C10,19304966.3,57914.93,1517867.072,645634000.0,52,33308.35,18491.913556970947,Gold
C600,3099248.0,12396.99,3446991.408,45500000.0,13,7964.2,18491.793298186898,Gold
C343,6724401.6,26897.62,574047.5748,27562500.0,21,38228.22,18390.43739952603,Gold
C1175,8575504.1,30014.27,3985073.1909,61318000.0,4,3958.6800000000003,18388.783799342833,Gold
C1131,4372255.0,13116.77,13823903.7324,20920000.0,4,177773.13,18282.55216620334,Gold
C1549,6135.6,18.41,3728846.7985,4238500.0,1,2068.8,18254.097514696175,Gold
C279,4532177.3,18128.71,826578.5772,80115000.0,30,11792.19,18198.184507655213,Gold
C1370,4041179.9,16164.72,944466.2784,24402000.0,12,38058.18,18176.68012653338,Gold
C1129,2890799.5,10117.82,6964089.4862,64400000.0,7,36188.94,18157.230610491653,Gold
C1206,4762017.8,11905.039999999999,1446880.2754,7789600.0,4,7659.1900000000005,18118.920897226562,Gold
C990,10974344.6,43897.39,2711952.3032,9900000.0,6,0.0,18109.85919366895,Gold
C609,7672021.0,30688.09,250656.4544,31190960.0,31,34488.24,17976.22886237847,Gold
C1469,2194712.2,8778.84,5441778.4568,15000000.0,5,49479.6,17973.014721981464,Gold
C1001,4016833.5,16067.33,1083064.0172,10000000.0,10,16377.2,17929.05621995663,Gold
C1405,4194600.0,16778.4,1052221.6,10000000.0,11,24564.36,17929.05621995663,Gold
C973,46855911.6,103082.99,15258462.6965,30010000.0,10,11455.119999999999,17845.08685693752,Gold
C809,4612695.3,13838.09,1087983.1454,16176000.0,6,3498.2200000000003,17840.057954658245,Gold
C842,5083637.0,12709.09,2230582.8127,30600000.0,5,2185.06,17817.191196760163,Gold
C1008,10518518.9,26296.3,2735043.2627,36000000.0,9,23860.73,17697.264682815752,Gold
C580,10212911.2,40851.65,388894.11,0.0,19,25499.52,17691.83013213336,Gold
C705,7227019.2,28908.06,1755836.988,38400000.0,12,5239.24,17689.420412871612,Gold
C1475,3390118.1,13560.48,6433299.3756,21000000.0,3,98782.76,17679.562397407495,Gold
C570,3736003.8000000003,14944.02,6879011.832,24400000.0,4,6612.719999999999,17591.623355032505,Gold
C564,6211593.9,24846.37,599963.8746,35427000.0,7,9180.62,17568.06743486712,Gold
C199,4910574.8,14731.72,3304044.2668,26607000.0,7,7578.2,17460.13129502162,Gold
C657,32003390.7,112011.87,124991070.5345,255500000.0,5,20298.35,17191.678301685537,Gold
C472,12766228.1,31915.62,1631336.1993,82500000.0,33,13280.53,17168.797190038607,Gold
C769,4340167.3,13020.5,986395.8421,5000000.0,10,6076.9,17167.293656454567,Gold
C987,2762726.9,11050.91,4092936.9396,23500000.0,5,0.0,17155.014489336863,Gold
C115,10343040.5,31029.12,396855.2211,24575500.0,23,10448.050000000001,16786.190542030337,Gold
C982,9857670.7,17743.81,75012559.9011,1505924811.66,6,11752.15,16784.853772923627,Gold
C289,13119380.2,45917.84,1046613.611,8750000.0,10,17931.31,16749.080089631825,Gold
C808,4467553.8,13402.66,790296.6488,5822500.0,5,8966.74,16743.82158314436,Gold
C104,12900471.4,38701.45,267687.9041,103572000.0,35,17023.06,16717.762740238588,Gold
C1023,28942707.0,57885.41,7515064.5205,0.0,4,10968.91,16652.841028420182,Gold
C211,6793398.7,20380.19,592762.1043,6930000.0,7,10342.06,16615.20970200416,Gold
C174,2917538.8,11670.15,884679.0592,75504000.0,22,36188.21,16532.25272888454,Gold
C1447,2552374.8000000003,10209.5,4463142.2523,3500000.0,2,22788.06,16381.619779489443,Gold
C940,3722556.0,11167.67,4436172.5144,0.0,11,22575.0,16312.842584700162,Gold
C84,6359898.0,19079.7,463238.9871,6500000.0,13,6632.4800000000005,16243.912526754008,Gold
C593,3334720.3000000003,13338.88,3008462.7636,19532500.0,13,49384.740000000005,16241.740412001353,Gold
C1341,5045845.4,15137.55,562749.3638,13995000.0,24,13393.95,16233.815275305958,Gold
C1365,6084760.9,16727.35,694088.5621,4900000.0,7,11112.6,16177.14484847623,Gold
C1276,14039611.3,35099.03,10258463.6796,15000000.0,3,184.25,16148.639768444096,Gold
C698,2921628.0,8764.880000000001,4879324.6863,53536000.0,14,5771.84,16129.53888271648,Gold
C393,4269500.9,17078.0,646741.6692,4288200.0,7,503.58,16124.575141224639,Gold
C1249,5208349.2,15625.05,396706.7381,13013000.0,13,18728.9,16065.05815024285,Gold
C355,10100824.0,30302.48,273833.764,7018000.0,29,13516.98,15982.537227530742,Gold
C956,2673503.9,10694.01,1447684.0116,13300000.0,7,12828.7,15969.923002857931,Gold
C1427,2065742.9,5164.35,4319792.8908,25200000.0,3,20101.31,15755.135050963585,Gold
C1048,3309986.6,9929.96,6533498.5082,24602000.0,2,364.71,15738.687133424059,Gold
C26,12062335.9,30155.85,16282559.9529,320400000.0,24,45289.76,15725.847092340464,Gold
C286,97554.5,292.65000000000003,5004521.3089,140806035.0,23,1401.4099999999999,15685.506564647463,Gold
C294,13561652.9,28479.47,578871.4289,8500000.0,17,12344.46,15680.020051797806,Gold
C314,13639229.0,28642.38,606388.2192,9000000.0,18,12871.64,15680.020051797806,Gold
C1247,4088468.8,12265.41,2107805.118,16365000.0,3,16717.94,15667.715149478925,Gold
C1100,3831593.1,15326.37,2985479.1232,12800000.0,4,71.12,15579.776107103931,Gold
C266,6670577.1,26682.31,836621.2508,80600000.0,13,303.8,15500.413128443588,Gold
C1397,2355073.6,11775.369999999999,1274747.537,55620000.0,12,14338.5,15314.966550002004,Gold
C566,3243749.5999999996,8109.38,4466352.2271,15000000.0,3,11058.66,15268.793034037586,Gold
C471,2523223.4,6308.0599999999995,6411075.3986,0.0,4,28952.18,15179.873361662516,Gold
C1360,2711050.0,10844.2,1220715.8,12500000.0,12,48806.73,15179.565960236005,Gold
C1170,2662837.2,10651.349999999999,1394018.9052,3486000.0,6,4073.26,14930.751398771132,Gold
C420,2486623.0,9946.48,1757678.5876,52812000.0,24,23760.3,14912.884866685807,Gold
C714,3145335.5999999996,12581.349999999999,1426220.3024,8305000.0,25,40225.02,14842.604633410852,Gold
C221,2083265.0,5534.95,1378703.958,34171700.0,17,39963.0,14825.404281087296,Gold
C1465,3904560.0,11713.68,1032006.3798,6660000.0,2,15217.57,14809.590025515361,Gold
C1272,4108255.9,10270.64,995630.8705,3920000.0,2,2562.4,14793.975286437024,Gold
C876,2834611.6,11338.44,1181551.2377,450000.0,3,0.0,14793.975286437024,Gold
C1423,6583289.9,11849.92,10798609.3635,9480000.0,4,0.0,14709.194846002261,Gold
C360,4342548.6,15198.91,303949.0736,13780000.0,27,14220.42,14692.533591765457,Gold
C638,3509195.2,12282.19,2582305.2967,8090100.0,3,0.0,14644.158284470464,Gold
C938,4284411.4,12853.25,650598.3124,7753500.0,9,3782.11,14614.927852318217,Gold
C1386,3097097.6999999997,12388.390000000001,2294090.9368,47700000.0,9,19528.17,14601.081300287262,Gold
C1434,2619169.9,10476.68,2099931.802,3500000.0,1,9399.88,14522.055728747573,Gold
C54,10487910.4,36707.71,286027.7512,0.0,24,20765.7,14446.028374789536,Gold
C829,3595020.9,14380.08,2032562.5664,5120400.0,4,666.0,14434.116686372578,Gold
C1068,1578573.0,4735.72,3750887.1007,5152600.0,3,6036.4400000000005,14406.750089368821,Gold
C1267,16784572.8,36926.060000000005,2928327.3356,7734000.0,3,20545.11,14300.383151533671,Gold
C74,3081992.8,9245.98,913730.454,46845000.0,18,1624.02,14235.906159645565,Gold
C766,2980867.4,11923.460000000001,640822.3896,11340150.0,3,26852.0,14159.157369182774,Gold
C258,3463489.0,13023.95,1340448.6634,8352000.0,12,19159.62,14156.009095227542,Gold
C1127,12412934.3,31032.33,3228611.9478,47000000.0,10,3049.08,14145.997992455583,Gold
C836,3221379.0,9664.14,2293243.9251,71989000.0,7,13415.51,14089.923355805813,Gold
C178,12530584.7,31326.47,520264.1669,26950000.0,11,2938.86,14063.731217463797,Gold
C1340,1034029.2,4136.110000000001,4820027.7032,0.0,2,0.0,13991.57410129938,Gold
C746,2437866.6,8532.55,1786700.1773,18000000.0,9,0.0,13983.25424581812,Gold
C1512,1576216.0,4728.65,5563628.9586,20196000.0,3,27733.64,13958.61390844123,Gold
C52,4029701.2,16118.800000000001,289942.3248,330000.0,30,18980.06,13913.335818539626,Gold
C773,2513676.6,7541.0199999999995,526998.3614,18800500.0,19,6842.37,13873.599300884085,Gold
C342,2607221.7,10428.89,839255.6352,13750000.0,5,4.79,13857.467862693406,Gold
C1581,2186100.0,6558.3,23778100.8328,16800000.0,1,13520.28,13796.511695644032,Gold
C1525,1679609.6,5038.83,3905350.4912,0.0,1,10409.02,13762.267811677862,Gold
C305,2256968.2,6770.9,6415832.1844,41925000.0,13,7485.09,13664.07117201277,Gold
C1149,3696725.7,11090.19,1090415.8594,9900000.0,6,4314.25,13643.946330272685,Gold
C1136,2766303.5,8298.91,2408100.4895,14000000.0,7,6752.76,13638.90084312046,Gold
C944,3875435.7,13564.02,1009852.0751,4000000.0,4,9542.67,13628.331591194348,Gold
C332,3783337.9,15133.35,866015.8559,3000000.0,6,16147.58,13628.331591194348,Gold
C875,4117743.5999999996,12353.23,885183.1692,5003000.0,5,13388.37,13628.331591194348,Gold
C730,2425689.4,9702.76,2568925.252,0.0,8,7916.0,13612.337710771943,Gold
C1531,2153195.0,5383.0,1386667.0125,4200000.0,5,56309.59,13442.932918022838,Gold
C555,11282164.4,45128.65,674268.3424,10500000.0,15,5296.86,13419.687144752093,Gold
C758,2311881.0,9247.52,1802162.6956,11370400.0,4,0.0,13321.289940920698,Gold
C415,3177171.5,12708.68,996943.328,7894800.0,9,25149.91,13272.649155022533,Gold
C1130,3538045.0,8845.11,22262633.9275,0.0,4,13378.77,13270.9831575733,Gold
C1589,2089847.7,8359.39,1468262.4684,4000000.0,2,1869.27,13233.374233647613,Gold
C1318,3524369.8,8810.94,1187572.5813,11643000.0,7,21021.72,13192.363403683841,Gold
C1115,2970314.4,11881.26,340056.2392,13179000.0,8,30809.6,13116.602254820951,Gold
C303,1436887.0,3592.2200000000003,5073149.4872,2331000.0,3,2053.5,13065.616964855746,Gold
C1186,3053329.3,12213.32,753523.4048,14738400.0,4,10402.02,12993.513673940099,Gold
C155,3986495.2,13952.79,2572517.9454,92535000.0,31,16129.01,12922.740481212479,Gold
C1445,2197552.8,7691.44,2864178.8695,2400000.0,2,4474.05,12898.791366963864,Gold
C1181,2285701.0,6161.55,2260387.446,2900000.0,3,0.0,12898.791366963864,Gold
C1382,2196766.1,8787.06,1069568.4848,2600000.0,2,57587.51,12853.100022453553,Gold
C621,45769096.9,100692.01,51374826.1315,645060000.0,4,0.0,12839.018226951679,Gold
C1591,3046358.5,9139.08,2559410.4725,1740000.0,6,39331.83,12810.852324588868,Gold
C858,2030076.0,7105.27,2465610.434,802500.0,5,12209.86,12810.852324588868,Gold
C1201,3197961.0,9593.880000000001,2336704.2622,9000000.0,2,0.0,12703.283020486993,Gold
C1153,2750822.1,9627.88,3973669.76,8000000.0,2,12805.18,12651.160446725553,Gold
C1158,802500.0,3210.0,809854.2884,5790000.0,1,54388.369999999995,12629.916450489607,Gold
C696,2221445.9,7775.0599999999995,1229015.5017,8190000.0,6,12156.939999999999,12586.431006494224,Gold
C1261,2434711.2,8521.49,1353730.7365,10150000.0,7,13250.01,12586.431006494224,Gold
C1359,2457212.8,6143.030000000001,1354242.5565,2000000.0,4,0.0,12570.816267415887,Gold
C486,2042784.0,6128.35,1297059.1078,4100000.0,7,61.5,12570.816267415887,Gold
C752,3910796.5,15643.19,510187.9564,14000000.0,20,4468.22,12469.534602124104,Gold
C546,2660005.4,7980.0199999999995,10766748.4513,46120000.0,9,7368.49,12435.40245108948,Gold
C684,3589853.6,12564.5,448091.5114,14300000.0,13,2796.51,12428.15990012757,Gold
C1429,2433109.3,9732.44,1199780.2032,5369800.0,6,12654.52,12404.701107576971,Gold
C188,2210858.2,6632.57,908753.2687,12952000.0,12,17625.06,12355.330756047524,Gold
C694,3555810.0,10667.43,7139326.3183,0.0,4,1179.36,12312.021834006602,Gold
C816,2952890.0,11811.56,746476.3886,21365000.0,6,10109.68,12217.5807155084,Gold
C827,5084577.2,12711.44,7554617.069,91500000.0,5,17218.620000000003,12171.958842776692,Gold
C822,3027369.6,12109.48,496048.9216,5300000.0,15,52637.1,12120.619047235372,Gold
C907,3914405.3,8611.69,867555.545,6400000.0,8,11862.67,12114.09742963643,Gold
C375,4383227.6,17532.920000000002,122295.412,107028000.0,18,3899.6800000000003,12097.255884163507,Gold
C881,3283556.8,13134.23,382059.6552,2000000.0,8,4510.860000000001,12077.430650734152,Gold
C735,3096879.7,9290.64,1928264.3849,31431000.0,14,30249.940000000002,12014.8530959497,Gold
C1578,2524771.6,10099.09,7367172.9632,3100000.0,1,25368.96,12009.501853545738,Gold
C846,2329511.5,6988.54,1455211.7078,10329375.0,11,6265.74,11966.66048906408,Gold
C1120,3684124.0,14736.5,624032.888,4000000.0,4,34955.74,11954.3420698533,Gold
C366,2454533.8,9818.14,847396.6744,5200000.0,4,12831.96,11938.965635190807,Gold
C4,1357645.3,4072.97,1479545.0672,72000000.0,48,4977.01,11796.296710208117,Gold
C296,3045404.9,12181.619999999999,250736.9077,7024500.0,7,9624.43,11786.595053047524,Gold
C195,2438373.9,8534.31,891207.6631,0.0,12,2978.3599999999997,11706.618174796584,Gold
C1494,2341595.3,7024.780000000001,993496.4391,6360000.0,5,6612.570000000001,11703.071066289214,Gold
C928,3514902.8,14059.61,333495.9039,4609800.0,6,6031.29,11666.404287386937,Gold
C1248,809037.5,3236.15,305865.05,0.0,3,20440.3,11638.21826545005,Gold
C1355,3409845.0,13639.38,490020.62,6000000.0,12,3982.4700000000003,11598.659633681484,Gold
C860,3652763.1,14611.050000000001,654433.9992,10200000.0,12,3222.13,11598.659633681484,Gold
C213,3420826.8,13683.310000000001,252249.8868,2520000.0,18,12178.73,11581.17195678908,Gold
C1277,524000.0,1572.0,6028178.1624,13601800.0,1,21290.170000000002,11575.050915661424,Gold
C16,14743578.4,51602.54,641767.8753,0.0,21,0.0,11527.903536605392,Gold
C1071,1519150.6,3797.88,5529405.4819,19201500.0,3,18518.36,11417.720582746011,Gold
C510,490070.6,1960.28,5071518.2914,5540000.0,2,13152.24,11335.840609091949,Gold
C275,13044790.8,39134.38,6723.2145,110155000.0,17,15.83,11230.515180720504,Gold
C249,3453177.8,13812.71,698551.0542,50722000.0,14,10183.15,11205.600675000893,Gold
C436,771507.6,3086.03,5142229.6023,8340000.0,3,6875.18,11190.051800814459,Gold
C811,2609595.0,7828.79,730740.815,3000000.0,3,0.0,11179.110501112504,Gold
C1078,2649012.7,7947.04,671744.7317,980000.0,2,39136.15,11179.110501112504,Gold
C1428,2268013.4,5670.04,765986.292,2310000.0,3,11127.54,11179.110501112504,Gold
C1102,2439705.3,7319.110000000001,604216.2875,1410000.0,2,22727.41,11179.110501112504,Gold
C880,3895669.3,15582.67,256096.1946,5850000.0,13,11956.86,11161.627532895303,Gold
C945,49280.0,197.12,5167351.5808,19620000.0,1,0.0,11116.066985777774,Gold
C682,3740009.0,13090.04,115274.6979,4157000.0,19,6092.78,11103.173204723662,Gold
C1468,373432.4,1120.3,843205.429,2700000.0,1,63900.92,10905.304239077468,Gold
C893,2965886.9,7414.72,7575305.7027,66333000.0,3,0.0,10855.062365399443,Gold
C778,3313801.3,5964.85,7169783.911,23000000.0,4,6746.58,10842.02129940972,Gold
C186,1955838.5999999999,5867.51,2346635.8875,25040000.0,14,0.0,10762.696456587006,Gold
C824,1667348.3,5002.04,1275168.4293,586000.0,2,770.4,10712.654724700686,Gold
C298,1899717.9,5699.16,2524700.057,25266000.0,6,4507.91,10661.05952800441,Gold
C233,2863985.6,10024.01,88976.2429,14214000.0,42,4691.08,10633.20673359312,Gold
C878,1563811.0,6255.24,2952193.6204,12380000.0,5,2079.92,10627.77429431357,Gold
C347,1673296.4,6693.1900000000005,1184743.7984,20026000.0,13,18293.13,10594.727817594381,Gold
C316,1715877.0,5147.64,1810280.4057,11000.0,22,1367.93,10575.079145864853,Gold
C432,2398587.3,8395.05,830062.6031,5100000.0,10,99.68,10506.123819372982,Gold
C717,1666695.4,5000.08,3447177.4494,8657000.0,12,2408.14,10419.900923845811,Gold
C1528,2283901.0,9135.61,492038.846,0.0,4,48592.9,10403.925828705687,Gold
C1605,1925727.0,6740.05,982172.9555,2000000.0,3,44389.53,10314.907577479411,Gold
C947,1790786.2,5372.36,906757.2446,2062000.0,2,22066.08,10295.03025688184,Gold
C330,2735234.9,10940.95,200802.9604,10640000.0,7,10178.06,10281.12331042039,Gold
C244,3021170.0,9063.52,683771.5143,26280000.0,4,2564.1400000000003,10276.70545152493,Gold
C1331,2015527.2,7054.35,590165.3588,21654000.0,6,4806.82,10276.70545152493,Gold
C171,1758000.0,3516.0,2751428.3156,58369581.06,3,17088.74,10259.427334487149,Gold
C646,2602308.0,10409.22,162220.2996,3297000.0,14,9137.29,10247.676448555278,Gold
C390,1880235.0,6580.83,1316274.995,11700000.0,9,164.26,10227.564147445644,Gold
C147,1602500.0,4006.26,2900900.1606,38595000.0,15,3312.01,10121.418278343248,Gold
C849,1940058.2,7760.23,2198039.9675,8900000.0,4,1170.59,10077.151533137858,Gold
C666,3604128.3,10812.39,713727.0136,9315000.0,30,9662.86,10046.655268712988,Gold
C577,1959438.3,6858.0599999999995,505547.1856,0.0,9,15001.49,10032.628653455535,Gold
C1086,2336588.6,9346.35,784496.0992,6400000.0,4,8597.02,10029.081544948165,Gold
C1474,2134604.2,6403.8099999999995,796624.9399,3584000.0,4,4658.55,10013.466805869828,Gold
C576,2004940.0,8019.76,760899.344,3582000.0,6,13330.81,10013.466805869828,Gold
C1307,2386087.5,9544.35,483929.0784,3500000.0,7,14014.49,10013.466805869828,Gold
C363,3544454.4,8861.16,624425.6041,14151500.0,21,8387.29,9931.972447605754,Gold
C1235,1548810.0,6195.24,2897427.0168,6574000.0,2,36289.98,9903.279557235313,Gold
C1385,2739007.1,9586.52,634946.5752,5700000.0,9,30246.54,9893.678938599605,Gold
C1266,1859265.7,5577.799999999999,1028190.474,3000000.0,2,8707.49,9841.973473646663,Gold
C1063,2393902.4,8378.66,8153132.4654,0.0,5,13824.970000000001,9839.069099523025,Gold
C745,2359301.0,9437.2,410163.796,1600000.0,4,0.0,9819.410207307452,Gold
C1257,1010151.5,5050.76,1216687.431,13500000.0,15,11528.59,9741.560677070625,Gold
C1270,2024748.8,8099.0,261789.6864,10800000.0,6,2020.5,9741.143762481803,Gold
C1052,857265.4,2143.16,4860245.2234,14115000.0,3,4445.93,9725.549107079516,Gold
C599,2009993.5,8039.969999999999,252886.576,1838200.0,7,3621.01,9725.529023403466,Gold
C256,2134922.8,8539.69,400645.2728,3300000.0,7,3986.87,9725.529023403466,Gold
C1399,2657886.3,6644.72,350800.4161,2079860.7000000002,6,2583.66,9725.529023403466,Gold
C673,1441621.5,5766.49,2795069.0012,17700000.0,6,14382.56,9709.313208298077,Gold
C1164,1530288.0,6121.15,2611583.5204,7954370.0,2,7264.8,9692.156471680104,Gold
C942,2855283.5,9993.51,742344.8721,9400000.0,14,10742.2,9657.784369698013,Gold
C1353,2480190.3,9920.76,552709.5388,5900000.0,10,8032.960000000001,9657.784369698013,Gold
C747,2707241.5,8121.74,623552.6025,2244000.0,9,3865.7000000000003,9642.169630619675,Gold
C1171,2844942.8,8534.84,529251.5716,5000000.0,10,4175.35,9642.169630619675,Gold
C788,3517141.5,12310.01,193278.4865,18790500.0,15,3063.86,9635.986627346674,Gold
C1114,896831.0,3138.9,1312341.4311,0.0,3,18911.33,9620.134863779474,Gold
C1204,1740576.8,6962.3099999999995,1992044.8359,1400000.0,2,0.0,9570.053915957213,Gold
C333,4131790.9,16527.16,99288.9848,2430000.0,27,5418.63,9568.39670906173,Gold
C1222,1927266.2,7709.06,873950.1232,2689011.0,8,3432.3,9560.29024558395,Gold
C1193,1804157.4,7216.63,1319236.3284,5002500.0,5,14400.6,9559.689718608997,Gold
C1545,1365011.0,4095.03,890005.927,0.0,1,0.0,9521.972266620567,Gold
C329,1328800.0,3986.4,891862.5,0.0,1,0.0,9521.972266620567,Gold
C933,2109481.3,8437.92,440225.1976,10368000.0,12,7365.12,9463.727771135636,Gold
C1476,3625308.5,12688.59,31436.4524,14750000.0,5,696.31,9402.43949474835,Gold
C133,4920092.5,14760.28,185993.9902,4926000.0,24,2722.44,9373.35397493525,Gold
C571,2114035.0,8456.15,330291.1616,6300000.0,9,18307.08,9369.84658723165,Gold
C82,2437198.0,7311.59,327893.5925,4560000.0,12,3328.05,9354.231848153313,Gold
C624,2141307.7,8565.22,395218.2112,4500000.0,12,411.2,9354.231848153313,Gold
C885,703875.0,2111.63,3352678.315,0.0,5,344.1,9241.679311743681,Gold
C1495,1360727.5,5442.91,1429329.594,6199024.0,2,0.0,9195.606764987722,Gold
C1145,1742799.6,6971.2,1189574.7044,10507000.0,7,38527.229999999996,9157.67998986849,Gold
C803,2594743.0,10378.95,219214.7651,47953600.0,14,5279.9,9135.454166497688,Gold
C841,2135340.8,6406.02,582183.1776,14060500.0,27,11843.41,9129.33686973798,Gold
C1195,1979690.0,4949.23,20100667.5786,2250.0,3,4514.48,9094.851530882357,Gold
C560,1733837.5,4334.63,1923105.7863,54000000.0,27,4795.45,9055.608051811221,Gold
C1017,4201080.0,9242.369999999999,9181661.9861,39003000.0,3,8631.68,8936.822712493118,Gold
C1113,728850.0,1822.13,5647349.4072,11867000.0,2,17788.53,8704.40228503402,Gold
C331,2035414.7,8141.66,57894.4808,27000.0,18,7693.76,8687.602204395245,Gold
C169,2159301.1,6477.93,74319.8414,1515000.0,15,2652.49,8687.602204395245,Gold
C241,2178234.9,8712.94,229561.6644,4404000.0,16,9335.44,8687.602204395245,Gold
C1507,826599.8,3306.3999999999996,274864.8556,1370000.0,2,6166.09,8555.008504238758,Gold
C1504,845643.0,3382.57,268746.428,600000.0,2,44676.2,8555.008504238758,Gold
C379,43855396.6,96481.89,2917942.9629,228000000.0,10,58352.43,8422.180403500952,Gold
C1128,856701.0,3426.8,3162089.8312,20500000.0,6,14137.06,8389.480431206797,Gold
C447,2901802.0,11607.22,193564.1428,6000600.0,12,338.52,8388.898464481692,Gold
C654,1353326.0,5413.3,893208.1392,4000000.0,3,0.0,8343.307690718766,Gold
C997,1293645.5,5174.58,1200036.12,1100000.0,1,0.0,8343.307690718766,Gold
C871,2739021.2,8217.08,95414.8514,800000.0,16,5567.01,8336.599480312083,Gold
C649,1734558.4,6938.23,1093889.2316,205000.0,10,10494.369999999999,8305.032603153835,Gold
C653,3758936.9,15035.76,155858.882,49563150.0,21,7729.34,8264.501384827116,Gold
C318,3839225.2,15356.91,196023.0288,6508500.0,21,21717.0,8191.401973546509,Gold
C1104,1794934.7,7179.74,727559.7696,2100000.0,3,0.0,8167.983952305606,Gold
C1624,1895631.3,3791.26,1285204.1658,2000000.0,1,4282.2,8157.840734755503,Gold
C25,1944424.4000000001,6805.51,832931.6201,30376500.0,31,3278.67,8131.055394199014,Gold
C983,1327654.0,5310.62,1120716.162,21421400.0,11,3162.46,8096.085788209741,Gold
C886,1621718.1,4865.15,5647456.0318,51150000.0,11,0.0,8039.410361736795,Gold
C1328,2224812.2,6674.44,21937964.0333,97740000.0,1,0.0,7989.932392601047,Gold
C267,1560698.1,7803.51,609083.9285,14130000.0,15,22365.32,7956.279530551876,Gold
C531,1662666.6,4988.0,4051961.5678,5000000.0,7,3202.89,7945.931099395294,Gold
C676,1178760.0,3536.2799999999997,4433349.0659,3430000.0,7,2399.76,7801.227449235785,Gold
C340,1717600.0,6870.4,826787.5581,20948000.0,10,0.0,7758.235916221185,Gold
C259,1896805.0,3793.61,1513680.4388,8000000.0,4,13406.779999999999,7733.453287082309,Gold
C732,1165740.0,3497.22,10214527.1634,73806000.0,6,13828.83,7717.27894364402,Gold
C1098,5265152.5,13162.89,7463626.1463,95590000.0,11,5255.16,7699.8267777503515,Gold
C485,1941716.0,7766.87,700780.9072,24115000.0,15,12951.58,7653.280675952927,Gold
C1583,1647956.6,4943.87,486589.5302,2500000.0,5,17639.28,7598.413051889179,Gold
C179,3807267.3000000003,15229.06,27041.5548,11180000.0,30,3243.64,7573.874129700845,Gold
C1455,1707576.0,5122.73,378327.572,0.0,5,7601.16,7557.918280667605,Gold
C929,897686.5,3141.8999999999996,2816943.7236,15690000.0,3,0.0,7547.747795630763,Gold
C760,1956459.2,4891.15,993056.454,1705000.0,5,0.0,7544.931792534085,Gold
C1011,783573.6,3134.29,156504.4271,3298000.0,2,3634.98,7456.402804975624,Gold
C1273,1097005.6,4388.02,1157880.7292,12714000.0,6,17156.64,7428.975741374748,Gold
C1282,1254260.0,4389.92,2892407.5801,23740000.0,4,3079.49,7389.50418475006,Gold
C427,1148457.6,3445.37,2811875.0808,21643300.0,6,7119.35,7389.50418475006,Gold
C1390,1580387.2,4741.16,396789.9854,2284800.0,4,12518.85,7310.475269422815,Gold
C400,1943598.2,6802.59,250931.8375,2100000.0,6,4878.83,7291.912605011568,Gold
C1305,887988.0,3551.95,844824.048,1300000.0,2,0.0,7262.848053141248,Gold
C1144,299008.0,897.03,5711940.6245,18654150.0,3,1975.0,7217.263039914713,Gold
C1446,1914689.1,7658.75,253834.5236,1500000.0,5,14398.47,7187.3365784293155,Gold
C1470,698126.0,1745.32,522510.685,1860000.0,3,11866.830000000002,7149.327204385195,Gold
C1372,1154731.1,4618.93,1103462.938,1488000.0,2,0.0,7076.555101836854,Gold
C40,1624483.5,5685.6900000000005,667993.8208,3500000.0,5,12573.65,7002.340257062934,Gold
C1535,1730429.0,6921.709999999999,585795.284,3800000.0,7,33574.340000000004,7002.340257062934,Gold
C257,795563.9,3182.2599999999998,20805.2568,2270500.0,19,1793.1399999999999,6991.225785043707,Gold
C1508,1133366.1,4533.46,1244401.1352,350000.0,1,0.0,6974.885339903555,Gold
C1596,1573302.4,6293.21,332995.7149,5754000.0,4,22945.04,6965.9117825765,Gold
C977,1191924.6,4171.73,875981.1869,5500000.0,5,7340.610000000001,6963.442397401497,Gold
C371,1694168.3,6776.68,395448.1484,64764200.0,13,9670.51,6956.932643256669,Gold
C1295,1162816.7,4651.27,1474472.7504,5948800.0,2,9825.44,6953.149822357107,Gold
C1302,150600.0,527.1,4642706.091,5255000.0,1,5767.6,6887.49582517905,Gold
C1057,1859897.6,7439.58,238412.1948,6566000.0,7,12391.89,6834.59324025716,Gold
C33,13978940.3,48926.34,293295.3364,252697500.0,33,24162.36,6793.606605054141,Gold
C966,1323425.0,3970.2799999999997,1863111.2492,14698250.0,7,6920.549999999999,6765.062997525709,Gold
C534,1427384.7,4282.15,1756064.5361,12180000.0,6,2792.2,6765.062997525709,Gold
C1320,952173.8,3808.7000000000003,1342249.8844,27391000.0,13,1746.67,6740.820695702137,Gold
C101,1684981.2,5897.45,236900.8982,4529100.0,15,10087.2,6733.746170580964,Gold
C297,1862764.3,7451.05,340234.7628,0.0,9,2017.72,6733.564322182276,Gold
C733,661250.0,1983.75,5705929.8496,42350000.0,5,8050.03,6731.430511680446,Gold
C238,1581943.7,6327.7699999999995,306528.002,2990000.0,7,1283.8,6714.40247459657,Gold
C591,1684197.0,6736.79,311014.292,2310000.0,7,3754.4700000000003,6714.40247459657,Gold
C789,1786537.0,5790.969999999999,254968.8375,2100000.0,7,10741.439999999999,6714.40247459657,Gold
C993,1559518.2,6238.08,333948.6412,2300000.0,5,5784.24,6714.40247459657,Gold
C315,1604915.3,6419.66,352685.32,4797650.0,7,0.0,6714.40247459657,Gold
C797,1119810.0,3919.34,879937.4999,2285000.0,5,22578.79,6711.933089421567,Gold
C1286,1048708.6,4194.83,1096451.6768,16335000.0,9,21743.17,6698.292446976449,Gold
C1271,1441476.7,4324.43,2813516.8969,5200000.0,2,4254.42,6697.663533745348,Gold
C542,3769466.7,9423.67,145525.1477,25000000.0,7,363.6,6685.631272333175,Gold
C1064,962364.0,3368.27,804709.4336,3300000.0,3,1866.51,6674.98078880063,Gold
C710,1666607.0,4999.82,1687965.5264,13846140.0,6,0.0,6671.959773878168,Gold
C1066,1299535.0,5198.139999999999,451514.86,1500000.0,3,18915.78,6669.318169377712,Gold
C270,1841520.7,7366.09,773372.2318,5887550.0,10,28983.92,6646.657820891117,Gold
C941,1018043.9,4072.17,2377246.5169,1050000.0,3,0.0,6645.986584857626,Gold
C1251,1050400.0,4201.6,2759576.9276,2200000.0,1,3449.8,6645.986584857626,Gold
C1477,1054635.1,3163.8999999999996,3186901.592,404000.0,2,18004.68,6645.986584857626,Gold
C874,170900.0,512.7,4578977.4511,3600500.0,1,0.0,6635.9865171991205,Gold
C1572,1216125.0,4864.5,403640.5,805620.0,2,19403.62,6618.277582406407,Gold
C672,1108469.0,4433.88,2411232.1778,4500000.0,3,14481.77,6602.952216595027,Gold
C964,842801.0,3371.2,247676.236,244000.0,6,18431.05,6578.274605160329,Gold
C821,1114566.0,3343.7,2221788.3332,6160000.0,7,5657.16,6543.785171605972,Gold
C1412,12360.4,37.08,9947613.5877,16917500.0,1,12036.810000000001,6512.73873588768,Gold
C239,939016.0,3286.56,941787.8457,1562000.0,1,0.0,6507.620289617939,Gold
C1499,963899.2,3855.6,944790.368,4000000.0,2,0.0,6507.620289617939,Gold
C921,1116867.2,3350.6,1051271.279,2175000.0,1,0.0,6507.620289617939,Gold
C861,918945.0,3675.78,1066133.552,950000.0,1,0.0,6507.620289617939,Gold
C670,1360367.0,5441.47,353959.462,18749500.0,7,15238.96,6478.95158378051,Gold
C215,1048980.6,4195.91,3090032.1844,2667000.0,7,3991.83,6454.4577402860905,Gold
C1061,1455182.4,3637.96,3084312.6677,3005000.0,1,0.0,6446.154225765418,Gold
C1419,1075879.6,4303.52,1338255.0968,3081000.0,3,1523.85,6405.95052768464,Gold
C1310,895198.0,3580.79,1384625.684,3400000.0,2,0.0,6405.95052768464,Gold
C1217,1043875.0,4175.5,1360076.568,3800000.0,2,0.0,6405.95052768464,Gold
C1294,1109800.0,4439.2,583570.0272,400000.0,2,10603.41,6379.9614122662415,Gold
C1155,955244.0,3343.35,617840.3617,14585200.0,4,0.0,6372.995932655989,Gold
C724,1296899.0,3890.7,1617227.5347,1675000.0,1,12462.630000000001,6368.600271059855,Gold
C932,1734145.0,6936.58,303607.14,918000.0,13,14840.039999999999,6343.105299346415,Gold
C837,985535.0,3942.1400000000003,2011790.3112,4001000.0,2,10268.32,6328.375682657861,Gold
C1350,1242880.0,4350.099999999999,1355728.7336,7500000.0,5,5888.05,6303.749114432986,Gold
C674,1135435.0,4541.74,1225601.0104,7000000.0,5,2741.32,6290.591856125382,Gold
C916,1155118.1,4620.469999999999,406404.9732,1500000.0,3,4960.67,6185.904813703865,Gold
C535,1046645.5,4186.58,1967197.1124,3528000.0,7,2063.17,6136.846838086325,Gold
C1184,1313500.0,3940.5,1750318.8112,1668000.0,2,0.0,6128.543323565653,Gold
C1245,1175830.5,4703.32,297664.7276,976000.0,2,4384.97,6092.023629799879,Gold
C1020,602370.5,1807.1,2415141.5043,19995000.0,7,2403.63,6082.210558627228,Gold
C1124,1178415.8,4713.67,1477063.2616,9537500.0,5,3590.4,6042.118513945388,Gold
C138,460298.3,1611.0900000000001,819470.0014,31837958.0,24,804.11,6029.036769163126,Gold
C741,732956.4,2565.35,2673449.1461,12006240.0,8,3138.63,6005.172290079806,Gold
C1290,1142883.3,4571.53,1907160.742,9500000.0,5,2049.46,6001.893925543394,Gold
C123,1019911.5,4079.65,463512.1896,12366500.0,10,5745.59,6001.698757405837,Gold
C1375,252950.0,758.85,5362456.5611,2556000.0,1,3700.82,5994.80014931689,Gold
C1311,1061250.0,4245.0,1185342.92,3000000.0,2,0.0,5988.3260598657935,Gold
C1404,1807730.9,6327.07,119974.6131,11625000.0,5,2719.75,5971.365352646531,Gold
C910,1938665.5,4265.05,8575118.2984,31360000.0,16,28.61,5963.872373114459,Gold
C477,1306012.6,3918.0499999999997,809561.2214,3750000.0,5,5.81,5924.233465988739,Gold
C1319,1001867.6,4007.47,774085.71,4915500.0,3,25936.57,5811.026600047327,Gold
C777,672903.2,2691.62,1104542.8744,13768880.0,8,3676.8199999999997,5707.775839822655,Gold
C556,854496.3,3417.9900000000002,437813.5988,9990000.0,3,0.0,5706.297432804832,Gold
C980,954650.0,2863.95,821454.0869,2380000.0,2,0.0,5704.279676362785,Gold
C1021,1052784.0,3158.34,951550.2696,8412000.0,12,5244.01,5674.735581967986,Gold
C640,1369648.8,4793.78,602721.7951,2500000.0,5,0.0,5646.690485726108,Gold
C541,456722.8,1826.8999999999999,698883.6392,17405000.0,11,2195.56,5564.905446375119,Gold
C1322,1359700.0,5438.8,7625843.6249,4002100.0,1,2540.81,5558.834257827501,Gold
C514,709670.6,2129.0099999999998,4020298.6136,16030000.0,5,39.0,5542.023352971152,Gold
C1280,876660.0,3506.64,388708.2744,2190000.0,3,5489.63,5523.088817580964,Gold
C852,879721.1,4398.6,271703.1088,1500.0,3,0.0,5523.088817580964,Gold
C614,854174.2,3416.7,325997.1032,1047000.0,2,38946.42,5523.088817580964,Gold
C1462,1255900.0,5023.6,505048.782,8388000.0,4,1928.22,5519.2892132133775,Gold
C1363,1258905.2,5035.62,769750.2792,3200000.0,4,3997.84,5503.67447413504,Gold
C1109,1112940.0,2782.36,7092867.6192,0.0,6,15037.619999999999,5501.0161432031555,Gold
C1543,1243.2,4.35,818901.6454,1809100.0,1,18663.13,5467.111465997906,Gold
C850,1203565.9,4814.26,239560.9104,1200000.0,4,33142.89,5463.328729842,Gold
C692,609306.0,1827.92,2828262.9766,15920000.0,8,301.2,5459.975441826873,Gold
C1003,539238.0,2156.95,4449995.4312,5386000.0,1,0.0,5429.352603991881,Gold
C136,1448717.4,5070.5199999999995,539726.6965,22329000.0,14,6967.49,5395.6159445399835,Gold
C795,810510.0,3242.04,400124.5832,6767047.0,7,2103.38,5382.000782313437,Silver
C557,1382141.5,4837.5,390697.4759,4343500.0,7,3505.96,5358.752703259747,Silver
C203,1115595.0,4462.38,197903.9628,1200000.0,3,1532.44,5355.716315525569,Silver
C414,285443.0,713.62,2089609.6641,49857800.0,21,1499.57,5350.240874003933,Silver
C50,1671325.4,6685.29,126615.6764,6300000.0,18,2719.22,5338.625342203309,Silver
C709,713646.3,2140.9500000000003,1651880.1834,14350500.0,5,866.39,5316.759612934823,Silver
C1395,1483.5,2.97,1450359.4545,1335000.0,1,19704.52,5298.847019445568,Silver
C737,1215726.8,4255.04,320920.4102,5806000.0,5,8485.66,5297.395854082756,Silver
C1380,80174.0,240.53,6799631.8318,27707500.0,2,520.5,5280.006574876046,Silver
C463,2070.6,8.28,4410496.2764,5776000.0,1,52.0,5263.2063634894575,Silver
C625,1236556.6,3709.67,754569.7581,24500.0,5,898.21,5260.111636327644,Silver
C904,1246831.6,3740.49,630722.2869,2500000.0,5,19476.35,5260.111636327644,Silver
C422,2070.6,8.28,3883654.7696,16662000.0,1,0.0,5199.770717092287,Silver
C1452,666969.1,2667.88,817402.8469,0.0,1,0.0,5159.0828281098575,Silver
C1033,564634.0,2258.54,822869.8943,2582000.0,2,26360.8,5159.0828281098575,Silver
C218,1319281.8,5277.13,666544.5228,7074000.0,9,21065.23,5147.992037963223,Silver
C1058,1327453.1,4646.07,711355.4697,9440000.0,16,5526.07,5144.700125504046,Silver
C659,1298939.9,4546.3,535946.5602,6636930.0,17,3937.1,5144.700125504046,Silver
C382,12456.4,37.37,6665488.6748,14810000.0,2,0.0,5135.601453493283,Silver
C607,735750.0,2575.13,421796.1485,11944204.0,4,0.0,5117.334022675053,Silver
C1593,495863.1,1983.4500000000003,864884.4476,1000.0,2,3214.56,5082.867831754972,Silver
C759,892249.2,3569.0,248808.6412,1925000.0,5,0.0,5076.7498804435345,Silver
C699,1001301.3,3504.55,243031.6279,3836924.0,4,1876.77,5076.7498804435345,Silver
C1173,1456710.3,5826.84,594275.362,8158000.0,4,2434.8,5066.2324299782,Silver
C1250,1403108.0,4209.33,696914.9863,4000000.0,4,780.0,5060.279277235436,Silver
C126,1469400.0,4408.2,509085.9,3715000.0,4,973.35,5060.279277235436,Silver
C995,533970.0,1334.9299999999998,2168529.2604,13740000.0,5,244.54,5048.949078479658,Silver
C1416,1030818.2,3092.45,1405840.4197,400000.0,4,170.57,5046.452133838499,Silver
C1619,771913.5,1929.78,1403147.9008,0.0,1,5693.64,5046.452133838499,Silver
C176,717679.7,1794.2,1174307.9511,16692000.0,12,459.34,5027.622363980374,Silver
C626,1194378.0,3583.12,582331.4565,6009000.0,9,2334.52,4978.141892397373,Silver
C1178,1094226.0,4376.9,251887.096,1650000.0,6,2369.43,4972.173853861282,Silver
C8,208717.2,834.87,5676741.48,0.0,2,0.0,4966.126068349744,Silver
C1047,1942335.0,3884.6699999999996,9969412.5467,8000000.0,4,1997.4,4926.348017218677,Silver
C223,1170007.8,3510.02,743172.4895,3586500.0,9,0.0,4888.814461077492,Silver
C157,75835.1,303.34000000000003,187540.7044,13260000.0,40,202.01,4879.721776602934,Silver
C924,1269930.0,4444.7699999999995,270850.0433,3650000.0,17,30009.4,4841.147603959348,Silver
C951,980952.5,2942.86,1005530.2771,8246700.0,1,5.2,4818.389459719906,Silver
C392,1235512.7,2718.13,2948553.1678,5892300.0,6,4209.28,4781.712147279336,Silver
C1516,233.7,0.47,4546335.3434,5000000.0,1,0.0,4777.150108842615,Silver
C1299,1385667.8,4157.0,392857.0819,4000000.0,5,7532.55,4772.3414947690735,Silver
C201,637088.4,2548.35,602325.398,11840500.0,7,24647.31,4766.1937729844985,Silver
C543,672621.9,2690.4900000000002,501399.5477,15100000.0,5,1176.0,4766.1937729844985,Silver
C425,1411856.0,5647.43,285889.6484,3760000.0,4,0.0,4762.6799084335025,Silver
C1029,363986.5,1455.95,1432074.816,11563500.0,1,2734.19,4751.61779304969,Silver
C888,1140523.0,3421.5600000000004,527496.9789,52122000.0,5,1112.45,4746.081175814749,Silver
C954,427325.0,1495.65,238997.0633,270000.0,3,17310.75,4744.854132260557,Silver
C1339,466600.0,1866.4,238587.4576,263000.0,1,17125.16,4744.854132260557,Silver
C1197,493450.0,1973.8,242801.5476,300000.0,1,3459.2,4744.854132260557,Silver
C1473,984498.5,2953.5,974048.0045,1800000.0,2,110452.8,4729.062028400024,Silver
C1216,982688.5,2948.0699999999997,992414.9031,2000000.0,2,0.0,4729.062028400024,Silver
C903,984702.2,2954.11,1080577.1934,4460000.0,4,1256.03,4729.062028400024,Silver
C1187,1036594.4,3109.79,1054780.0958,2000000.0,2,0.0,4729.062028400024,Silver
C172,1260687.1,2521.38,1129115.8316,0.0,5,0.0,4729.062028400024,Silver
C525,837244.5,2511.73,974906.8934,3500.0,7,3318.21,4729.062028400024,Silver
C5,707800.0,2831.2,916021.31,5046000.0,6,4795.89,4729.062028400024,Silver
C605,859513.5,3438.05,319151.6936,8461000.0,14,4280.88,4690.204109931011,Silver
C277,1494128.3,5976.51,386067.3932,13165200.0,23,9353.55,4681.185550169424,Silver
C376,869368.5,2173.42,23249868.2639,30000.0,8,6210.780000000001,4661.785169218532,Silver
C65,1119099.0,4476.4,438805.732,4320000.0,9,2149.56,4648.963943211039,Silver
C870,379200.0,1327.2,1444117.6087,0.0,2,417.32,4645.030173670133,Silver
C725,437060.0,1748.24,1444193.9104,4266000.0,2,0.0,4645.030173670133,Silver
C647,1465993.0,4397.9800000000005,230283.3859,4956000.0,3,41885.87,4586.949144214446,Silver
C67,785541.0,3142.17,347798.4436,40488000.0,28,38.04,4583.549690950512,Silver
C632,449112.5,1796.45,2425154.2236,6000000.0,3,4221.6,4554.195993341573,Silver
C1135,273648.7,820.96,238976.3774,20029600.0,8,410.59,4536.12972895846,Silver
C1156,1385360.4,4156.1,440668.2557,7368000.0,14,1612.07,4510.540242501244,Silver
C1396,617975.7,1853.93,1442141.1832,3000000.0,2,46.2,4501.2552855855665,Silver
C820,690390.2,3451.95,776439.766,6624000.0,9,0.0,4500.034466728617,Silver
C421,5070691.6,10141.380000000001,93916292.4026,853864199.25,5,14148.43,4486.898203028739,Silver
C693,1445460.1,5059.12,113896.8301,353500.0,7,12299.69,4479.429377394371,Silver
C527,1456113.1,4368.34,393115.7107,6710000.0,20,5246.82,4413.071480351232,Silver
C440,1416896.4,5667.58,259528.8144,3000000.0,12,540.0,4391.382733183348,Silver
C1622,785500.0,1413.9,2972724.2998,113520.13,1,1860.44,4376.270435315194,Silver
C1612,750000.0,3000.0,2323659.042,2018500.0,1,0.0,4376.270435315194,Silver
C1326,975658.8999999999,2926.98,2723620.6867,1511000.0,2,0.0,4376.270435315194,Silver
C399,444062.6,1776.25,929689.9808,4488000.0,6,849.6,4327.6400682316635,Silver
C1410,446980.0,1787.92,925095.7584,3000000.0,3,1095.4,4327.6400682316635,Silver
C419,1784590.1,5353.77,1004687.6405,103730000.0,10,4880.32,4285.116680833505,Silver
C1137,446774.0,1787.1,1093809.2164,29805000.0,10,2517.62,4270.834888082204,Silver
C364,817713.8,3270.85,112986.3492,1086000.0,9,6709.59,4261.336305723405,Silver
C428,733162.4,3665.82,115151.6135,4900000.0,10,4417.2699999999995,4261.336305723405,Silver
C892,1098828.6,4395.32,491775.5567,30905200.0,12,8249.18,4257.340895562446,Silver
C713,1383373.8,4841.81,117530.4589,2673000.0,11,9828.47,4251.148213735285,Silver
C648,1188168.2,4158.6,141391.2113,2060000.0,15,4007.47,4245.370384160265,Silver
C288,977059.0,3908.22,43916.1972,3765000.0,15,4517.6900000000005,4245.370384160265,Silver
C508,1078587.4,3235.78,220110.9585,4000000.0,16,696.51,4245.370384160265,Silver
C1332,694934.4,2779.74,352338.854,200000.0,1,1842.96,4240.246061245127,Silver
C108,504488.6,1765.72,3042105.3385,6456000.0,6,1713.57,4236.515299026403,Silver
C856,580750.0,2323.0,2625913.0673,6076000.0,1,0.0,4236.515299026403,Silver
C939,599764.0,2399.06,2311988.3472,6150000.0,2,10.57,4236.515299026403,Silver
C894,928221.0,3712.88,174986.116,1000000.0,5,4777.71,4235.866539586974,Silver
C697,890714.8,3562.86,194674.4692,1145000.0,5,1284.15,4235.866539586974,Silver
C1037,720188.7,2160.57,725410.7672,2001000.0,1,0.0,4198.5063249090845,Silver
C615,917607.6000000001,2752.83,556433.9272,1233000.0,2,2329.27,4198.5063249090845,Silver
C912,790802.5,2767.81,504131.2917,2130000.0,5,5444.12,4198.5063249090845,Silver
C1431,719380.0,2877.52,574756.6717,2188376.0,4,14037.09,4198.5063249090845,Silver
C1147,767852.0,3071.41,482375.854,1590000.0,3,1259.6,4198.5063249090845,Silver
C1312,698322.1,2094.9700000000003,728815.8483,2638000.0,4,1603.5,4198.5063249090845,Silver
C791,783681.7,3134.73,90074.0132,600000.0,6,6060.68,4194.067651730432,Silver
C960,1161746.0,4646.98,163653.8284,3363000.0,6,6793.26,4190.072620282897,Silver
C590,518468.2,1555.4099999999999,1135944.9458,2340000.0,6,4948.700000000001,4183.865180147097,Silver
C202,570894.0,1712.68,500446.9892,6400000.0,8,1063.2,4153.663271323257,Silver
C946,464849.7,1626.98,2288649.0737,2370000.0,3,9622.91,4148.754281377433,Silver
C914,556818.8,2227.27,632687.28,21312500.0,25,1843.3600000000001,4148.6218868210635,Silver
C959,1501704.1,5255.97,101913.5355,1300000.0,13,6617.05,4108.1322021442265,Silver
C1358,721226.6,2884.91,1661420.9392,3930000.0,1,0.0,4098.884121517426,Silver
C1553,517527.5,2070.1099999999997,2746522.8288,5293000.0,2,0.0,4082.5828950421947,Silver
C962,578886.8,2315.55,1230827.6124,1965000.0,3,726.43,4082.1954182137956,Silver
C6,201562.0,604.69,2655677.0763,14778000.0,6,21511.95,4067.066740902618,Silver
C834,529101.0,1851.8600000000001,464859.0395,4840000.0,8,9297.81,4064.335840003375,Silver
C843,699558.3,2798.23,1894757.9188,3750000.0,3,0.0,4058.6595331154335,Silver
C41,984112.1,2952.35,1083164.2316,82862000.0,13,10026.82,4037.5984272358446,Silver
C1534,601771.9,1504.43,10833418.9951,0.0,1,0.0,4021.1649226374625,Silver
C34,1334979.6,4004.96,243099.5387,52685800.0,29,3016.21,4017.8137248124335,Silver
C1424,870208.5,2175.52,418300.7757,100000.0,1,4913.42,4004.4497263467106,Silver
C847,805700.3,2417.1000000000004,321588.1991,800000.0,2,0.0,4004.4497263467106,Silver
C1161,732879.0,2931.51,265964.344,1600000.0,6,1999.3700000000001,4004.4497263467106,Silver
C1288,711651.2,1423.3000000000002,361917.1082,402800.0,2,1482.81,4004.4497263467106,Silver
C909,750618.5,3002.4700000000003,290925.716,500000.0,4,6009.87,4004.4497263467106,Silver
C622,749766.6,2999.07,770273.2976,7200200.0,10,3808.4,3992.8040252331193,Silver
C1091,518471.5,2073.89,754141.6088,5305000.0,6,239.05,3904.81878463609,Silver
C353,896142.1,3136.4900000000002,76968.5058,800000.0,4,5614.3,3873.568154598159,Silver
C985,477443.7,1432.34,1652760.9195,1907000.0,3,2549.81,3871.3679675796698,Silver
C667,1063464.4,4253.86,131473.2624,1500000.0,10,7244.98,3864.569364336827,Silver
C1387,1054521.0,4218.08,166198.2504,2000000.0,10,2017.79,3864.569364336827,Silver
C1234,1510411.6,4531.24,368257.6333,34957726.98,14,331.2,3849.8965015504664,Silver
C53,1732994.4,6065.52,104417.2315,2700000.0,27,3201.81,3838.406445967563,Silver
C1425,471930.0,1887.7199999999998,2073432.7645,4029000.0,2,6100.1,3831.1433791776753,Silver
C927,551322.0,2205.29,2346712.7952,4700000.0,1,0.0,3831.0735870622657,Silver
C368,502272.0,1255.68,2136303.3578,2305000.0,1,0.0,3831.0735870622657,Silver
C1006,506900.0,2027.6,2570199.8776,0.0,3,155.2,3831.0735870622657,Silver
C1214,536500.0,1341.26,2413899.0584,5140000.0,2,2234.62,3831.0735870622657,Silver
C1297,647137.0,2588.55,2889472.1392,2307500.0,1,0.0,3831.0735870622657,Silver
C588,639330.0,3196.65,180268.349,843200.0,4,0.0,3775.3728535679065,Silver
C358,1427.5,4.28,444015.654,212000.0,1,0.0,3767.2815159818374,Silver
C594,127862.0,639.3199999999999,1859431.8888,15062500.0,5,0.0,3749.4558387028565,Silver
C429,423190.0,1692.76,546079.3932,7290000.0,3,0.0,3742.636907976043,Silver
C30,629899.0,2519.6,601825.4709,6250000.0,5,0.0,3742.636907976043,Silver
C1067,339965.0,1359.8600000000001,1442520.9088,8510000.0,5,2322.87,3728.0609280412236,Silver
C350,611260.5,1833.78,1205847.1486,0.0,5,1349.8500000000001,3664.5709503949543,Silver
C629,677750.0,2033.25,545598.6414,1000000.0,5,0.0,3653.309476656161,Silver
C1511,482391.0,1447.17,501132.1204,1000000.0,2,0.0,3653.309476656161,Silver
C1406,593930.9,2078.76,594934.8889,701000.0,1,0.0,3653.309476656161,Silver
C1522,492292.5,1969.17,499500.0,500000.0,1,6633.030000000001,3653.309476656161,Silver
C923,520083.6,1820.29,530749.5361,1044400.0,1,396.68,3653.309476656161,Silver
C975,417771.5,1462.2,584499.9998,500000.0,1,0.0,3653.309476656161,Silver
C996,495375.0,1981.5,764231.4952,1230000.0,1,0.0,3653.309476656161,Silver
C604,518238.4,2072.95,537005.79,650000.0,1,147.2,3653.309476656161,Silver
C1393,553420.3,2213.6899999999996,556821.4044,3590800.0,2,0.0,3653.309476656161,Silver
C1335,525431.8,2101.73,692180.4424,750000.0,1,1395.79,3653.309476656161,Silver
C1180,673100.0,1682.75,670055.5758,0.0,2,0.0,3653.309476656161,Silver
C819,531695.0,1595.08,596093.1478,3055900.0,4,1813.25,3653.309476656161,Silver
C461,399688.0,1598.75,551688.384,0.0,5,195.12,3653.309476656161,Silver
C802,464369.5,1625.29,512751.9614,4520000.0,2,3526.38,3653.309476656161,Silver
C1237,473069.5,1655.75,609956.8818,4550000.0,7,1053.12,3653.309476656161,Silver
C855,379500.0,1518.0,524980.8224,600000.0,2,1043.7,3653.309476656161,Silver
C1599,495000.0,1980.0,495920.0,1000000.0,2,11288.119999999999,3653.309476656161,Silver
C953,373220.0,1119.6599999999999,720091.5268,2736000.0,2,1615.77,3653.309476656161,Silver
C920,353450.0,1413.8,1398162.357,1448000.0,1,0.0,3638.733496721342,Silver
C1616,56400.0,141.0,11179713.9871,64920000.0,1,3670.5,3611.821359420629,Silver
C1044,479704.0,1439.1100000000001,246663.388,1185000.0,7,1708.42,3563.8289046760387,Silver
C701,655249.8,2621.0,1631019.1284,2000000.0,4,0.0,3553.687273264501,Silver
C1411,267840.0,803.52,855040.8905,6375423.39,1,0.0,3526.844023295256,Silver
C423,112595.0,450.38,2767572.874,6918500.0,2,0.0,3520.8546938852373,Silver
C900,57970.0,173.91,2508951.477,50050000.0,1,0.0,3515.5919086197964,Silver
C1119,513370.0,2053.48,1743555.7776,1973000.0,1,1022.0799999999999,3513.4626848625066,Silver
C911,562278.4,2249.12,2077907.0196,3600000.0,3,0.0,3513.4626848625066,Silver
C1493,89000.0,356.0,1586198.1735,1621000.0,1,21304.02,3511.409217585343,Silver
C1159,695840.0,2435.46,169081.1213,1372000.0,7,9563.32,3503.938746970828,Silver
C854,553212.6,2212.85,268833.002,400000.0,1,0.0,3459.252878093786,Silver
C1167,486629.0,1946.51,352635.5648,800000.0,2,5175.39,3459.252878093786,Silver
C1105,415522.8,1662.09,395279.8656,500000.0,1,751.8,3459.252878093786,Silver
C280,370258.4,1481.03,332997.996,1731000.0,3,14289.14,3459.252878093786,Silver
C879,379512.0,1518.05,307315.0892,60000.0,2,0.0,3459.252878093786,Silver
C1103,469210.0,1642.24,317783.838,245000.0,1,0.0,3459.252878093786,Silver
C532,529785.3,2119.15,391657.4081,2450140.0,7,2401.53,3459.252878093786,Silver
C1383,626033.6,2504.13,297990.8656,501000.0,1,7087.610000000001,3459.252878093786,Silver
C1364,671220.0,2684.88,326793.4672,1500000.0,3,0.0,3459.252878093786,Silver
C78,562968.0,1970.39,314026.2223,350000.0,1,5742.71,3459.252878093786,Silver
C1151,597884.7,2092.6,305239.5711,1457000.0,3,2407.25,3459.252878093786,Silver
C634,472232.0,1652.8200000000002,275666.095,965000.0,5,0.0,3459.252878093786,Silver
C986,417564.0,1670.26,289725.8448,143500.0,7,4609.09,3459.252878093786,Silver
C1034,516328.5,1548.99,318635.4405,2000000.0,5,1910.08,3459.252878093786,Silver
C889,487841.4,1951.3600000000001,357016.7724,4710000.0,4,11130.42,3459.252878093786,Silver
C287,1473308.0,5156.59,78191.5545,1625000.0,25,2188.3199999999997,3453.499590214644,Silver
C825,520769.0,2083.08,301607.474,4992540.0,17,2230.48,3450.2879917502296,Silver
C1384,101167.0,252.92,6817340.3921,2004978.0,1,2477.38,3449.454003639463,Silver
C247,490490.0,1961.96,731674.3404,8579780.0,11,6132.83,3447.6071769801943,Silver
C321,443986.0,1553.98,479389.6389,7629500.0,13,9808.12,3447.6071769801943,Silver
C675,305154.0,1373.2,1415754.4034,9372000.0,6,6208.72,3434.7945730978045,Silver
C1487,306195.0,918.59,4435996.4955,7700000.0,1,1164.0,3396.9580454069464,Silver
C884,510574.9,1787.02,514828.0176,253000.0,11,231.35,3358.2797456603125,Silver
C468,1396666.6,5586.67,228134.9336,2377220.0,11,514.0,3343.9520696018535,Silver
C1083,1501856.1,6007.43,93789.6756,900000.0,9,7223.68,3343.9520696018535,Silver
C292,1447833.1,5791.32,74467.758,3190000.0,11,3583.33,3343.9520696018535,Silver
C217,1428943.0,5715.77,107043.1096,1200000.0,12,0.0,3343.9520696018535,Silver
C1568,4296.6,17.19,6383448.1332,4000000.0,1,0.0,3338.3341159475362,Silver
C1524,362275.0,1449.1,3116470.9744,9922500.0,3,24980.54,3336.7762308375723,Silver
C1582,324000.0,1296.0,2332607.0216,8500000.0,1,20565.63,3336.7762308375723,Silver
C1062,1419977.6,4259.94,69312.2696,6000000.0,12,0.0,3326.8866918595777,Silver
C1200,150000.0,525.0,1378934.0321,6524000.0,1,2588.19,3281.9564381619066,Silver
C1433,863418.4,2158.55,157293.854,800000.0,6,1032.15,3268.1424120724096,Silver
C154,1020363.6,3061.09,197811.7899,3870000.0,3,0.0,3268.1424120724096,Silver
C1420,750737.0,3002.95,211565.052,800000.0,4,5.64,3268.1424120724096,Silver
C1483,728687.8,2914.7599999999998,120498.1692,800000.0,4,8431.63,3268.1424120724096,Silver
C561,683844.0,2051.5299999999997,404962.7697,7150000.0,11,1386.1399999999999,3253.550578417819,Silver
C1097,36535.6,146.14000000000001,1470656.304,6600000.0,4,32.0,3244.6061815371218,Silver
C309,365265.9,1278.43,1228483.5394,0.0,2,0.0,3219.673629349569,Silver
C633,333647.4,1334.5900000000001,614257.215,22007700.0,11,1195.44,3212.8443150822036,Silver
C356,77875.8,389.38,815866.074,4354800.0,4,3508.1,3200.561474637784,Silver
C1054,51250.0,205.0,833006.2056,935000.0,1,0.0,3200.561474637784,Silver
C435,87521.3,262.56,836037.2861,0.0,2,6128.88,3200.561474637784,Silver
C323,424222.5,1696.8899999999999,215727.28,13055085.0,17,1265.6299999999999,3186.823086520074,Silver
C1168,207292.0,621.89,2720910.9808,50830000.0,13,10784.02,3164.639378340253,Silver
C403,580620.2,2903.1,401585.5275,4345000.0,11,1125.0,3164.2231470979373,Silver
C1459,554173.0,2216.69,86991.308,560000.0,8,1371.1,3133.9719271666954,Silver
C1368,598144.2,1794.4299999999998,3257865.7148,10500000.0,3,1645.02,3082.9468282086555,Silver
C1106,93285.5,373.14000000000004,908767.4768,9204000.0,2,0.0,3037.837992207822,Silver
C1030,92850.0,232.13,1414743.5719,2614500.0,1,431.28999999999996,3032.2970280854474,Silver
C1439,156.0,0.62,826747.1108,1724600.0,1,0.0,3012.9111724052204,Silver
C1070,55100.0,220.4,1861217.2952,7904000.0,1,0.0,2992.120706130267,Silver
C804,855705.0,2567.12,87517.278,1100000.0,10,507.83,2973.112681076561,Silver
C589,907821.6,2723.46,167105.1806,1650000.0,11,1938.83,2973.112681076561,Silver
C902,761994.4,1904.99,181548.3561,4171000.0,12,3228.18,2973.112681076561,Silver
C1028,678019.2,2712.08,102670.4617,26064000.0,12,722.71,2899.787224626369,Silver
C731,244800.0,734.4,1573837.6859,3694000.0,2,0.0,2889.057017781365,Silver
C958,309990.0,1239.96,1581482.474,1595000.0,1,1188.25,2889.057017781365,Silver
C250,30980.0,123.91999999999999,1348170.4016,5306000.0,2,685.37,2864.7464686936037,Silver
C1559,6122.2,24.49,817047.226,250000.0,1,0.0,2857.6311461863274,Silver
C512,5968.0,23.880000000000003,837618.092,234000.0,2,99.72,2857.6311461863274,Silver
C1334,22600.0,90.4,817748.2435,2134000.0,1,1953.72,2857.6311461863274,Silver
C475,298365.6,1193.4599999999998,2297252.8765,4500000.0,2,607.76,2849.1912494852213,Silver
C1292,300776.0,1052.72,3057000.9426,1674000.0,2,0.0,2849.1912494852213,Silver
C458,282070.6,1128.28,2254509.2728,2000000.0,2,0.0,2849.1912494852213,Silver
C691,257718.3,644.29,2825196.1342,420000.0,2,1743.63,2849.1912494852213,Silver
C863,311040.0,777.6,2589885.9845,2753000.0,1,0.0,2849.1912494852213,Silver
C1437,255916.0,767.75,86367.9202,75557220.0,2,3221.1,2814.8327008916535,Silver
C1547,1205.4,4.82,870033.6644,931000.0,1,0.0,2781.4161498314425,Silver
C547,2021.3,8.09,876116.8038,1231000.0,1,3.57,2781.4161498314425,Silver
C490,1978.2,7.91,871747.0132,1450500.0,1,0.0,2781.4161498314425,Silver
C526,1996.7,5.99,865231.7815,651000.0,1,66.06,2781.4161498314425,Silver
C1346,284416.1,995.46,947111.6746,7543120.0,4,808.05,2771.6162597719463,Silver
C285,171990.0,859.95,895337.7838,7435500.0,3,0.0,2771.6162597719463,Silver
C262,1113236.0,2226.48,14120110.619,35640000.0,3,12837.51,2730.4191469377615,Silver
C1421,669150.0,2007.45,176605.8134,4200000.0,6,1065.19,2722.9455638194804,Silver
C976,380582.69999999995,1332.05,188734.8846,480000.0,3,3518.69,2722.9455638194804,Silver
C1490,441304.0,1765.22,101142.0752,558000.0,3,4496.85,2722.9455638194804,Silver
C896,457760.7,1831.05,186822.3372,4223800.0,7,1557.69,2722.9455638194804,Silver
C1492,444415.0,1777.66,220681.4656,500000.0,1,9759.32,2722.9455638194804,Silver
C1142,510093.9,2550.4700000000003,117716.4665,1949500.0,5,944.3,2722.9455638194804,Silver
C1213,624435.0,2497.74,103289.8848,1040000.0,5,0.0,2722.9455638194804,Silver
C1481,402873.0,1611.49,195895.508,420000.0,2,1993.5500000000002,2722.9455638194804,Silver
C260,537438.0,1881.04,39051.4923,703500.0,7,1048.1,2722.9455638194804,Silver
C873,565590.0,2262.3599999999997,155851.067,690000.0,6,690.4000000000001,2722.9455638194804,Silver
C934,668528.0,2674.12,188046.4288,250000.0,5,0.0,2722.9455638194804,Silver
C776,392636.0,1570.54,190405.7284,1290000.0,3,0.0,2722.9455638194804,Silver
C642,1045838.2,2091.68,85215508.3156,11218743.0,3,3636.64,2716.9714674863985,Silver
C439,723390.5,2893.56,148075.8412,6840000.0,9,2276.88,2708.9750599330614,Silver
C479,3836.4,15.35,1445010.3496,2170000.0,1,0.0,2689.3666996339907,Silver
C1099,249000.0,747.0,915868.0,1100000.0,1,0.0,2682.2888284520645,Silver
C1585,292480.0,731.2,1045037.9212,1000000.0,1,3323.4399999999996,2682.2888284520645,Silver
C1189,215950.1,863.8,1062449.9672,5025000.0,3,0.0,2682.2888284520645,Silver
C1501,200265.0,700.93,1037193.3926,551000.0,1,10545.59,2682.2888284520645,Silver
C1094,170250.0,681.0,1148723.01,2200000.0,2,0.0,2682.2888284520645,Silver
C582,249913.5,999.65,899279.7958,0.0,1,3934.9799999999996,2682.2888284520645,Silver
C1561,230938.3,923.75,1009050.6577,1602720.0,1,0.0,2682.2888284520645,Silver
C1519,189168.2,756.67,925312.2192,1880000.0,1,0.0,2682.2888284520645,Silver
C1259,81000.0,324.0,1244947.4092,1135000.0,1,0.0,2613.2371607136747,Silver
C1460,50195.0,200.78,1228290.6724,1600000.0,2,4425.2,2613.2371607136747,Silver
C998,138060.0,552.24,1565994.0988,4305000.0,1,0.0,2575.88690408889,Silver
C1077,79446.6,278.06,1485364.5211,2811000.0,2,3318.79,2575.88690408889,Silver
C598,108271.0,541.36,1480969.795,4972800.0,3,776.68,2575.88690408889,Silver
C1615,111750.0,447.0,1577559.628,2470000.0,1,1494.0,2575.88690408889,Silver
C1032,301342.5,1205.37,1655938.9149,3343000.0,2,0.0,2571.804935687454,Silver
C655,297500.0,892.5,1651903.0558,1550000.0,1,11313.93,2571.804935687454,Silver
C231,274684.1,1098.74,1601485.7976,4820000.0,1,0.0,2571.804935687454,Silver
C1041,136619.5,546.48,2396240.4248,5100000.0,1,0.0,2536.021135792746,Silver
C1598,109500.0,328.5,2391552.4285,0.0,1,559.85,2536.021135792746,Silver
C994,158630.0,396.58,3102332.5944,2000.0,4,979.62,2536.021135792746,Silver
C1442,44200.0,132.6,3024375.2421,4485000.0,1,7333.8,2536.021135792746,Silver
C1258,155000.0,620.0,1948591.4988,3200000.0,1,5755.4400000000005,2531.5803472854595,Silver
C1369,151600.0,606.4000000000001,1779562.4668,3847000.0,2,6472.82,2531.5803472854595,Silver
C1268,152250.0,609.0,1947949.48,2100000.0,1,2017.2,2531.5803472854595,Silver
C1042,203400.0,610.2,2024887.2583,2000000.0,1,2300.79,2531.5803472854595,Silver
C552,642104.5,2247.36,38454.5514,2412000.0,20,3359.9,2519.0644297487443,Silver
C1090,352410.0,1409.64,412253.4712,4209900.0,8,678.72,2518.1943566048153,Silver
C1072,193500.0,774.0,1186991.5356,3417000.0,1,3774.15,2508.782806587307,Silver
C402,260767.5,1043.09,657893.1528,34260250.0,25,589.95,2506.3917705739213,Silver
C1497,28563.2,114.25,798338.5516,0.0,3,4417.28,2488.1854181654408,Silver
C1038,24900.0,99.6,1644975.002,5546600.0,1,0.0,2483.3280821677095,Silver
C952,2247.5,8.99,2657737.404,5275000.0,1,0.0,2444.6001153212183,Silver
C1449,594754.0,2081.65,78195.231,912000.0,12,2169.91,2427.9158328236317,Silver
C652,543082.0,1900.8,148919.24,1588000.0,10,8400.13,2427.9158328236317,Silver
C395,667804.0,2671.21,65964.384,770000.0,11,1551.31,2427.9158328236317,Silver
C293,411295.0,1645.18,159046.432,505000.0,10,1767.0,2427.9158328236317,Silver
C828,525080.0,1575.24,71038.0638,2566000.0,9,888.54,2427.9158328236317,Silver
C93,77.0,0.23,1248981.045,790000.0,1,0.0,2425.586858481111,Silver
C627,310678.0,932.03,504759.495,4080000.0,8,2207.61,2418.984600223776,Silver
C1084,103261.0,309.79,1075070.0616,3541500.0,3,72.17,2369.1187147595892,Silver
C1199,116733.0,466.93,1122359.4812,1800000.0,1,5606.12,2369.1187147595892,Silver
C2,111427.8,445.7,1151494.0808,5000000.0,5,0.0,2369.1187147595892,Silver
C1435,127346.0,382.04,976810.3795,1200000.0,1,12940.9,2369.1187147595892,Silver
C1087,37824.0,132.38,1103676.8648,1200000.0,1,9125.6,2369.1187147595892,Silver
C722,216924.0,477.23,1140627.3692,2275000.0,5,2321.73,2369.1187147595892,Silver
C536,35393.3,141.58,937313.092,2600000.0,2,18038.44,2369.1187147595892,Silver
C1325,51870.0,155.61,1038839.1947,1522500.0,1,0.0,2369.1187147595892,Silver
C306,46699.5,186.8,577525.7152,6260000.0,2,0.0,2363.507400632315,Silver
C187,786188.1,2358.6,23908.2312,1035500.0,23,2696.57,2318.4800691469795,Silver
C69,339710.0,1358.8400000000001,559500.0264,1320000.0,2,0.0,2301.2245918199756,Silver
C948,32375.5,129.51,238080.548,6093100.0,13,36.599999999999994,2274.026828652196,Silver
C1566,6134.8,24.54,1211629.6528,0.0,1,1175.8,2270.306832262218,Silver
C1554,6093.6,24.37,1471947.8564,998000.0,1,1047.2,2232.956575637433,Silver
C502,3803.1,13.309999999999999,1498354.6111,3879000.0,2,1821.79,2232.956575637433,Silver
C1211,148221.1,370.55,1779999.1629,2192000.0,8,5767.12,2218.4102335929842,Silver
C1306,52000.0,156.0,2077977.3846,4823000.0,1,0.0,2218.4102335929842,Silver
C1110,94400.0,330.4,2029684.6227,2500000.0,1,0.0,2218.4102335929842,Silver
C1563,6135.6,24.54,3020783.4704,2500000.0,1,0.0,2193.0908073412893,Silver
C1564,4267.9,17.07,3146582.0588,2000000.0,1,0.0,2193.0908073412893,Silver
C1562,6122.2,24.49,2602258.3892,1600000.0,1,0.0,2193.0908073412893,Silver
C866,22129.8,66.39,2347401.1456,470000.0,2,56.47,2193.0908073412893,Silver
C299,15608.0,31.22,2301794.3262,84000.0,2,31.68,2193.0908073412893,Silver
C407,2070.6,8.28,2678929.2136,0.0,1,0.0,2193.0908073412893,Silver
C406,2070.6,8.28,2509225.7544,5000.0,1,0.0,2193.0908073412893,Silver
C1440,5285.0,18.5,2165908.5246,0.0,2,1304.04,2193.0908073412893,Silver
C1567,1180.8,4.13,992824.2929,1002000.0,1,6668.46,2181.4684125270255,Silver
C988,59822.8,239.29000000000002,321381.6592,10246000.0,2,19722.690000000002,2169.450802069943,Silver
C608,59429.7,208.01,256773.7277,8400000.0,4,16.94,2169.450802069943,Silver
C103,684222.5,2394.78,19647.5714,6810000.0,13,241.22,2163.7782116801322,Silver
C517,1193607.0,3580.82,11099714.7303,97320000.0,8,2715.65,2150.7573469386516,Silver
C1489,330350.0,1321.3999999999999,364639.6084,2934000.0,3,1190.52,2107.1679932576003,Silver
C813,341624.3,1366.5,329353.0928,1464000.0,3,0.0,2107.1679932576003,Silver
C619,369940.0,1479.76,293750.3428,2473500.0,3,0.0,2107.1679932576003,Silver
C1580,344882.4,1379.53,447389.6624,1650000.0,3,9.23,2107.1679932576003,Silver
C703,1050894.6,3152.7,1110705.5743,108739500.0,13,2048.28,2106.2791064248445,Silver
C1241,258114.2,1032.46,724191.2602,7263000.0,2,60.66,2097.285668196439,Silver
C1614,1049.4,3.67,1602665.4271,0.0,1,0.0,2070.984519762415,Silver
C887,147840.0,739.21,381964.923,5736000.0,4,1655.88,2065.410946294112,Silver
C1570,9881.8,29.65,1063357.8433,1000000.0,1,0.0,2026.1883863081325,Silver
C459,2070.6,8.28,924324.0876,796000.0,1,0.0,2026.1883863081325,Silver
C1000,2980.0,11.92,1106047.0224,1089000.0,1,2719.1,2026.1883863081325,Silver
C1546,6086.8,18.26,910593.3947,470000.0,1,0.0,2026.1883863081325,Silver
C1479,22292.4,78.02000000000001,984499.558,3000000.0,2,74.81,2026.1883863081325,Silver
C383,2070.6,7.25,925443.1566,1130000.0,1,0.0,2026.1883863081325,Silver
C798,12609.6,31.52,1057721.5375,1674000.0,2,3753.1400000000003,2026.1883863081325,Silver
C882,5580.0,16.74,914181.5148,2985000.0,1,1527.9,2026.1883863081325,Silver
C1347,155160.0,620.64,452594.3984,3222600.0,2,3724.24,2007.9582368765582,Silver
C1212,268120.5,2547.1499999999996,478754.2316,2132800.0,2,22.77,2007.9582368765582,Silver
C1177,92800.0,881.6,540376.0804,2778000.0,3,5987.5,2007.9582368765582,Silver
C1242,288084.89999999997,1440.43,543288.434,2558016.0,2,4.53,2007.9582368765582,Silver
C1134,297476.2,1189.9,537426.8544,874000.0,1,2518.98,2007.9582368765582,Silver
C1484,252322.0,1009.29,530210.0516,2122620.0,2,4235.6,2007.9582368765582,Silver
C922,159425.1,637.6999999999999,553334.0396,984000.0,2,1579.2,2007.9582368765582,Silver
C1046,197110.0,788.44,456538.9725,1320000.0,3,1932.1599999999999,2007.9582368765582,Silver
C381,233439.2,933.75,715871.6312,4090000.0,5,0.0,2007.9582368765582,Silver
C1296,268650.0,940.28,509990.0962,240000.0,2,502.25,2007.9582368765582,Silver
C1324,287000.0,1148.0,676574.252,800000.0,1,0.0,2007.9582368765582,Silver
C1408,159156.8,350.15,14606330.9338,65635010.0,2,0.0,1985.7781691512398,Silver
C806,200963.0,502.42,660228.379,5642000.0,7,643.1800000000001,1946.2974311640112,Silver
C931,171780.0,858.9,242124.1465,430000.0,2,415.0,1918.4776648964353,Silver
C1573,7021.5,28.09,1594605.1025,94250.0,1,0.0,1915.7044935435217,Silver
C1548,6210.3,24.84,1735539.4425,1866000.0,1,0.0,1915.7044935435217,Silver
C467,2021.3,8.09,1944003.1576,500000.0,1,816.86,1875.479905141527,Silver
C1500,13800.0,41.4,2084927.6884,2800000.0,1,0.0,1875.479905141527,Silver
C1409,4220.8,16.88,2003642.1504,0.0,1,0.0,1875.479905141527,Silver
C378,1890.0,9.45,1996846.4165,3639000.0,1,0.0,1875.479905141527,Silver
C387,1906.8,7.63,2063959.2477,1842600.0,1,0.0,1875.479905141527,Silver
C481,1953.0,7.81,1828990.598,11500.0,1,765.44,1875.479905141527,Silver
C208,308520.0,925.56,46970.7914,14736000.0,8,6.5600000000000005,1866.7269212600993,Silver
C388,14406.0,43.22,1196604.307,361000.0,2,227.34,1852.6823644433746,Silver
C497,2024.4,7.09,1163234.3526,258500.0,1,0.0,1852.6823644433746,Silver
C1226,9765.0,34.18,1178464.0434,214450.0,1,0.0,1852.6823644433746,Silver
C610,236586.8,946.35,311532.31,1617000.0,1,1086.1100000000001,1813.9016383141827,Silver
C1205,159170.0,636.6800000000001,380497.5608,3650000.0,5,8461.23,1813.9016383141827,Silver
C365,270847.0,1083.3899999999999,268341.0728,1296000.0,4,0.0,1813.9016383141827,Silver
C1016,155808.0,623.23,441165.3632,2613000.0,3,633.94,1813.9016383141827,Silver
C1588,195300.0,781.2,263667.0812,520000.0,2,395.2,1813.9016383141827,Silver
C712,219865.0,769.53,263124.7804,610000.0,2,1724.8899999999999,1813.9016383141827,Silver
C1415,225500.0,902.0,396343.5988,820000.0,2,0.0,1813.9016383141827,Silver
C1275,197300.0,986.5,302198.786,780000.0,2,0.0,1813.9016383141827,Silver
C1539,207500.0,622.5,276818.95,300000.0,1,0.0,1813.9016383141827,Silver
C1260,226117.6,904.47,440719.6552,402000.0,4,22.44,1813.9016383141827,Silver
C1174,160385.9,641.55,344932.6096,3671500.0,7,427.15,1813.9016383141827,Silver
C1107,316000.0,1264.0,317254.3616,260000.0,1,0.0,1813.9016383141827,Silver
C1342,210000.0,840.0,287299.8468,141000.0,2,0.0,1813.9016383141827,Silver
C1377,220250.0,1101.25,287775.645,1045200.0,1,348.43,1813.9016383141827,Silver
C681,213992.5,855.97,384317.3428,1740000.0,3,7238.9800000000005,1813.9016383141827,Silver
C972,116310.0,348.93,125546.7106,13875000.0,3,338.77,1721.9222903487605,Silver
C1444,108000.0,324.0,708693.7497,1040000.0,1,4792.51,1694.7881231840822,Silver
C1166,192376.0,577.13,505661.92,5150000.0,11,947.1500000000001,1694.7881231840822,Silver
C1182,98630.0,394.52,586024.88,2692000.0,2,0.0,1694.7881231840822,Silver
C830,146520.0,586.08,618422.3576,800000.0,1,1960.0,1694.7881231840822,Silver
C1601,101953.7,407.81,571941.7412,750000.0,1,0.0,1694.7881231840822,Silver
C1088,103785.0,415.14,711042.3828,388000.0,1,0.0,1694.7881231840822,Silver
C1608,117700.0,411.95,623169.19,1400000.0,2,113.75,1694.7881231840822,Silver
C1116,43713.0,174.85,591579.7528,922000.0,1,1191.6,1694.7881231840822,Silver
C918,147730.0,590.92,669013.14,150000.0,1,0.0,1694.7881231840822,Silver
C206,123772.90000000001,433.21,522695.2354,1840000.0,4,864.98,1694.7881231840822,Silver
C935,89150.0,222.88,719538.9961,60000.0,4,1466.57,1694.7881231840822,Silver
C1498,43003.2,172.01000000000002,550353.3213,1042000.0,2,106.84,1694.7881231840822,Silver
C530,36639.6,146.56,775534.472,2000000.0,2,0.0,1694.7881231840822,Silver
C474,73320.6,219.96,514947.2365,0.0,2,6081.01,1694.7881231840822,Silver
C683,31450.0,125.8,516182.192,800000.0,1,0.0,1694.7881231840822,Silver
C1321,41064.0,164.26,526120.0488,1940000.0,2,164.28,1694.7881231840822,Silver
C1367,54400.0,163.2,777210.005,0.0,2,2122.05,1694.7881231840822,Silver
C445,169910.0,594.69,553074.8113,2965000.0,2,0.0,1694.7881231840822,Silver
C700,45232.0,180.93,457319.9912,1270000.0,2,426.03999999999996,1694.7881231840822,Silver
C1349,102337.0,409.35,248260.5764,1124000.0,4,1237.23,1605.30755120396,Bronze
C1040,800.0,3.2,767196.06,0.0,1,0.0,1507.1378209515185,Bronze
C1609,66.2,0.33,460624.23,0.0,1,5.4,1507.1378209515185,Bronze
C152,68340.4,239.18,319529.3161,3325000.0,7,2035.95,1500.7315246217074,Bronze
C800,134221.2,536.89,326320.2804,1266000.0,4,615.32,1500.7315246217074,Bronze
C1293,42757.0,171.03,365326.266,470000.0,1,1658.8,1500.7315246217074,Bronze
C1239,102250.0,409.0,302196.536,648000.0,2,217.24,1500.7315246217074,Bronze
C1351,85881.2,214.7,259581.2644,0.0,1,0.0,1500.7315246217074,Bronze
C1043,83550.0,250.65,275949.6804,900012.0,3,11847.14,1500.7315246217074,Bronze
C930,114015.29999999999,456.06,328220.2364,2266000.0,4,2828.13,1500.7315246217074,Bronze
C1036,115000.0,575.0,347004.047,1829600.0,1,0.0,1500.7315246217074,Bronze
C1523,46820.5,187.28,303807.4781,111000.0,1,2292.14,1500.7315246217074,Bronze
C1584,98880.0,395.52,300000.0,300000.0,1,3876.83,1500.7315246217074,Bronze
C1587,43449.8,130.35,361114.4963,0.0,1,3334.02,1500.7315246217074,Bronze
C1463,117600.0,588.0,268094.7335,290000.0,1,587.4,1500.7315246217074,Bronze
C1514,96860.0,387.44,352614.82,100000.0,1,622.5,1500.7315246217074,Bronze
C412,96150.7,384.61,399646.9636,719530.0,2,270.82,1500.7315246217074,Bronze
C1618,89400.0,357.6,291566.112,479000.0,1,0.0,1500.7315246217074,Bronze
C901,49860.4,199.44,302896.1244,766000.0,2,0.0,1500.7315246217074,Bronze
C1069,79717.6,318.87,368042.7332,1279200.0,3,132.54,1500.7315246217074,Bronze
C1625,110137.5,440.55,365611.7132,429570.0,1,0.0,1500.7315246217074,Bronze
C1610,72600.0,217.8,279319.143,300000.0,1,208.95,1500.7315246217074,Bronze
C1496,53522.5,214.09,369343.2752,443500.0,1,0.0,1500.7315246217074,Bronze
C100,97018.5,339.56,372459.9622,2591000.0,6,2779.5,1500.7315246217074,Bronze
C265,83830.6,335.32,449101.2908,0.0,3,0.0,1500.7315246217074,Bronze
C499,93200.0,372.8,269755.7476,1146000.0,2,150.74,1500.7315246217074,Bronze
C473,93825.6,469.13,271225.4985,504516.0,2,52.51,1500.7315246217074,Bronze
C252,107856.0,431.42,283645.4872,700000.0,2,49.18,1500.7315246217074,Bronze
C1366,49800.0,199.2,376620.18,0.0,1,0.0,1500.7315246217074,Bronze
C799,181558.1,726.23,109754.2036,2404000.0,8,1355.52,1488.620687387091,Bronze
C416,1902.6,7.61,644269.7396,1555800.0,1,0.0,1487.928794987765,Bronze
C424,1915.2,7.66,660253.0712,675500.0,1,1356.46,1487.928794987765,Bronze
C1157,1305.0,5.87,483964.0049,501100.0,1,6.55,1487.928794987765,Bronze
C515,5033.4,20.13,535108.4002,1618000.0,2,0.0,1487.928794987765,Bronze
C1569,6124.2,24.5,576404.5572,249000.0,1,0.0,1487.928794987765,Bronze
C1009,27503.9,110.02000000000001,699521.108,4800000.0,6,1140.52,1487.928794987765,Bronze
C134,19756.1,59.27,530496.2605,2100000.0,1,6487.83,1487.928794987765,Bronze
C1348,1878.0,6.57,457231.8503,4000000.0,1,0.0,1487.928794987765,Bronze
C1018,14585.3,58.34,605531.3116,1070000.0,1,0.0,1487.928794987765,Bronze
C1555,1201.2,4.8,547788.3352,710000.0,1,0.0,1487.928794987765,Bronze
C22,101137.90000000001,353.98,377092.6335,11054000.0,28,567.8000000000001,1469.9609878686879,Bronze
C506,1584875.7,6339.5,88140.5314,86658750.0,11,0.0,1466.1294136115355,Bronze
C444,1947.5,6.82,704373.8636,564600.0,1,0.0,1422.5522761169539,Bronze
C784,1856.4,7.43,795589.0904,900000.0,1,0.0,1422.5522761169539,Bronze
C538,2070.6,8.28,727752.3108,765000.0,1,0.0,1422.5522761169539,Bronze
C498,1828.6,7.31,771538.1112,885000.0,1,0.0,1422.5522761169539,Bronze
C533,35176.4,105.53,772619.7091,0.0,3,79.62,1422.5522761169539,Bronze
C1600,1987.2,7.95,796040.1264,4851100.0,1,316.16,1422.5522761169539,Bronze
C426,1923.6,7.69,794081.6648,835000.0,1,476.43,1422.5522761169539,Bronze
C1138,24365.0,97.46,246553.2904,386000.0,1,0.0,1398.4482230076424,Bronze
C1031,324613.0,1298.46,59114.7396,1000000.0,5,232.85,1370.8606789832947,Bronze
C832,346520.0,1039.56,126378.4023,1400000.0,7,1662.51,1370.8606789832947,Bronze
C470,338358.7,1353.43,92151.1328,1560000.0,4,356.76,1370.8606789832947,Bronze
C970,333479.5,1333.92,174858.8508,200000.0,2,589.0,1370.8606789832947,Bronze
C430,335315.0,1005.95,154159.5704,557000.0,4,258.15,1370.8606789832947,Bronze
C771,56168962.0,56168.95,222519877.7191,12152360000.0,12,0.0,1344.6319535239188,Bronze
C978,2686.4,10.75,408496.5144,0.0,1,1577.73,1293.8721964253903,Bronze
C469,4046.0,16.18,434371.25,410000.0,1,0.0,1293.8721964253903,Bronze
C460,2070.6,8.28,321768.3576,500000.0,1,0.0,1293.8721964253903,Bronze
C453,2070.6,8.28,293914.0856,500000.0,1,0.0,1293.8721964253903,Bronze
C452,2070.6,10.35,414248.6015,350000.0,1,0.0,1293.8721964253903,Bronze
C823,4378.5,15.32,259351.3709,255800.0,1,0.0,1293.8721964253903,Bronze
C1594,2035.4,8.14,353322.1384,800000.0,2,548.32,1293.8721964253903,Bronze
C979,12512.4,50.050000000000004,427812.9484,500000.0,2,666.08,1293.8721964253903,Bronze
C999,4440.3,13.32,398864.2838,234307.0,1,52.91,1293.8721964253903,Bronze
C780,1856.4,5.57,440370.7891,843700.0,1,30.6,1293.8721964253903,Bronze
C544,2070.6,10.35,298402.7305,799050.0,1,58.5,1293.8721964253903,Bronze
C793,1856.4,7.43,331005.2648,22500.0,1,0.0,1293.8721964253903,Bronze
C79,9790.0,34.27,260172.9895,350000.0,1,0.0,1293.8721964253903,Bronze
C487,2070.6,8.28,361183.8588,521000.0,1,0.0,1293.8721964253903,Bronze
C1565,6193.5,24.77,392702.7052,450000.0,1,0.0,1293.8721964253903,Bronze
C521,2070.6,6.21,254228.7255,12000.0,1,458.4,1293.8721964253903,Bronze
C1430,18427.5,73.71,389874.0724,520000.0,1,312.09000000000003,1293.8721964253903,Bronze
C1557,4283.2,8.57,258922.4453,201000.0,1,0.0,1293.8721964253903,Bronze
C1556,6097.7,24.39,333214.4744,261000.0,1,0.0,1293.8721964253903,Bronze
C1418,31867.2,111.53999999999999,344147.8347,1121000.0,2,614.66,1293.8721964253903,Bronze
C738,13610.0,54.44,297543.7548,1340000.0,2,3916.98,1293.8721964253903,Bronze
C1571,6127.2,24.51,310167.6512,300000.0,1,0.0,1293.8721964253903,Bronze
C489,1990.8,7.96,432920.6652,580000.0,1,0.0,1293.8721964253903,Bronze
C49,11880.0,47.52,301307.4492,0.0,1,0.0,1293.8721964253903,Bronze
C718,2688.0,12.09,282854.2612,4000000.0,2,4420.13,1293.8721964253903,Bronze
C503,2070.6,8.28,353290.5248,461000.0,1,0.0,1293.8721964253903,Bronze
C501,2070.6,6.21,333896.8241,1142000.0,1,0.0,1293.8721964253903,Bronze
C516,2070.6,8.28,382273.1132,1360500.0,1,276.77,1293.8721964253903,Bronze
C335,11650.0,58.25,354172.3836,1000000.0,4,58.5,1293.8721964253903,Bronze
C573,3264.0,9.79,309615.0206,0.0,1,0.0,1293.8721964253903,Bronze
C967,15986.0,63.94,450071.1028,1813100.0,2,325.6,1293.8721964253903,Bronze
C1025,1780.8,8.9,283022.6674,291500.0,1,0.0,1293.8721964253903,Bronze
C304,17736.2,35.47,426646.5307,184000.0,2,18243.64,1293.8721964253903,Bronze
C301,733786.1,2935.14,99500.7044,6390000.0,27,2504.53,1251.7068701357005,Bronze
C1,8794209.1,35176.85,31876.1972,281984000.0,38,4779.64,1236.0778488741082,Bronze
C71,251651.6,1006.61,150726.3091,14432088.0,11,413.74,1160.6708269170351,Bronze
C915,160054.0,640.22,83017.4147,15255000.0,9,1036.73,1160.6708269170351,Bronze
C1337,37248.0,149.0,9060.2116,6999000.0,2,0.0,1079.6784353322532,Bronze
C1336,154585.0,618.34,116083.3508,240000.0,1,401.38,1077.5943240398756,Bronze
C1323,151577.4,606.31,39016.316,100000.0,2,0.0,1077.5943240398756,Bronze
C1352,291695.7,875.0899999999999,85589.0129,300000.0,3,1493.51,1077.5943240398756,Bronze
C1343,250174.4,1000.7,134222.7264,261000.0,2,397.43,1077.5943240398756,Bronze
C73,284776.5,1139.1100000000001,104529.2412,1843500.0,3,0.0,1077.5943240398756,Bronze
C584,166129.0,664.51,53201.154,200000.0,4,177.47,1077.5943240398756,Bronze
C565,161040.0,644.1600000000001,73484.2064,498800.0,4,63.35,1077.5943240398756,Bronze
C255,226910.0,907.6400000000001,59667.6036,2444000.0,2,0.0,1077.5943240398756,Bronze
C955,167210.0,668.84,93863.528,200000.0,2,4994.72,1077.5943240398756,Bronze
C1454,240572.5,601.43,184463.3105,558300.0,3,1641.37,1077.5943240398756,Bronze
C1218,240642.1,962.56,116043.1804,400000.0,2,0.0,1077.5943240398756,Bronze
C568,254534.5,1272.67,43316.615,2710000.0,5,0.0,1077.5943240398756,Bronze
C704,254898.0,1019.5899999999999,152273.936,864000.0,4,0.0,1077.5943240398756,Bronze
C438,184341.0,737.36,29075.3664,687600.0,4,813.29,1077.5943240398756,Bronze
C1626,286528.0,1146.11,166823.6092,2933500.0,1,9251.35,1077.5943240398756,Bronze
C1628,160600.0,642.4,170000.0,170500.0,1,4326.1,1077.5943240398756,Bronze
C1623,194110.0,776.44,197661.56,200000.0,1,0.0,1077.5943240398756,Bronze
C1287,314119.5,1256.47,152023.222,540000.0,3,26.49,1077.5943240398756,Bronze
C1450,283337.5,1416.69,97981.8125,672500.0,5,2486.19,1077.5943240398756,Bronze
C1532,262557.6,787.6700000000001,167698.0672,182000.0,2,296.44,1077.5943240398756,Bronze
C1467,203593.0,712.58,186388.4245,600000.0,3,7639.43,1077.5943240398756,Bronze
C1491,162500.0,812.5,230124.3705,140000.0,2,0.0,1077.5943240398756,Bronze
C1574,260710.0,1303.55,161756.399,100600.0,2,3802.25,1077.5943240398756,Bronze
C1082,130064.0,650.32,191640.706,1116000.0,1,0.0,1077.5943240398756,Bronze
C1315,303825.0,1063.4,82269.6405,360000.0,6,122.9,1077.5943240398756,Bronze
C1304,196240.0,784.9599999999999,119582.5436,3640000.0,2,688.64,1077.5943240398756,Bronze
C386,307873.6,1231.49,234318.0796,1120000.0,4,609.87,1077.5943240398756,Bronze
C1329,152190.0,608.76,197075.69,121000.0,2,0.0,1077.5943240398756,Bronze
C488,199440.0,797.76,66422.32,330000.0,3,0.0,1077.5943240398756,Bronze
C883,192923.5,771.6899999999999,147864.813,1158000.0,3,0.0,1077.5943240398756,Bronze
C810,203206.0,609.62,110360.557,301500.0,3,147.96,1077.5943240398756,Bronze
C448,238044.8,952.1800000000001,61957.7982,3600000.0,2,0.0,1077.5943240398756,Bronze
C1502,288517.0,1154.07,142260.852,300000.0,1,3851.1800000000003,1077.5943240398756,Bronze
C1526,203400.0,1932.3,206688.9254,305500.0,1,0.0,1077.5943240398756,Bronze
C1220,73260.0,695.97,77988.2071,41000.0,2,872.4,1077.5943240398756,Bronze
C1219,168470.1,673.88,162950.768,342000.0,2,1504.1999999999998,1077.5943240398756,Bronze
C796,191470.0,765.88,199728.62,400000.0,4,0.0,1077.5943240398756,Bronze
C87,287335.8,718.34,48291.7286,507500.0,5,0.0,1077.5943240398756,Bronze
C1530,222685.0,1113.4299999999998,151735.365,300000.0,2,0.0,1077.5943240398756,Bronze
C1132,269668.0,1078.67,126028.16,460000.0,5,2579.23,1077.5943240398756,Bronze
C554,349827.0,1749.14,22055.6065,1440000.0,12,1352.28,1075.8309479874465,Bronze
C184,155945.0,467.84000000000003,57325.0042,5265000.0,2,0.0,1015.9335183273292,Bronze
C413,37784.6,170.03,124503.5346,5727500.0,5,78.03,1015.9335183273292,Bronze
C1603,386400.0,1159.2,8560841.8449,7239000.0,1,18999.61,996.7703058474203,Bronze
C374,602926.1,1808.77,17045.7848,1750192.64,28,855.47,970.6476430262696,Bronze
C408,3300.6,13.2,76562.4759,5742000.0,2,677.25,809.0741901310118,Bronze
C328,249557.0,2370.81,21554.9893,600000.0,12,3515.9,782.5645930440272,Bronze
C1143,236373.1,945.5,94903.0076,1111000.0,11,54.81,782.5645930440272,Bronze
C644,271022.7,1084.0900000000001,28040.2504,1100000.0,11,2171.4,782.5645930440272,Bronze
C15,38833.0,155.33,113011.848,832500.0,8,566.96,764.4242103474002,Bronze
C984,38012.0,190.06,130754.6655,120000.0,1,197.2,764.4242103474002,Bronze
C150,45000.0,180.0,159509.7236,650000.0,1,945.9,764.4242103474002,Bronze
C216,55365.6,221.46,123400.5224,596000.0,4,1844.42,764.4242103474002,Bronze
C1014,98240.0,491.2,198294.42,590000.0,2,0.0,764.4242103474002,Bronze
C220,72780.0,291.12,74500.0,150000.0,2,0.0,764.4242103474002,Bronze
C205,43567.3,130.71,52098.7881,310000.0,5,525.84,764.4242103474002,Bronze
C578,99919.6,399.67,130131.796,262000.0,2,0.0,764.4242103474002,Bronze
C229,94886.8,332.12,73665.3213,900000.0,6,27.72,764.4242103474002,Bronze
C926,55027.2,220.11,69710.3672,420000.0,1,0.0,764.4242103474002,Bronze
C1065,55568.0,222.27999999999997,106146.0104,520000.0,5,282.22,764.4242103474002,Bronze
C686,21152.2,200.95,29494.3019,161700.0,1,0.0,764.4242103474002,Bronze
C677,74038.5,296.15,217168.526,792000.0,3,897.6,764.4242103474002,Bronze
C518,34276.6,137.11,72616.8534,4008500.0,5,77.58,764.4242103474002,Bronze
C1373,32000.0,160.0,191569.2895,122000.0,1,41.730000000000004,764.4242103474002,Bronze
C1022,50800.0,203.2,28713.5236,1800000.0,2,0.0,764.4242103474002,Bronze
C1391,32076.8,128.31,80465.806,211200.0,2,273.14,764.4242103474002,Bronze
C1378,40000.0,200.0,52356.8795,400000.0,1,0.0,764.4242103474002,Bronze
C1362,36188.0,144.75,80965.3012,920000.0,4,41.14,764.4242103474002,Bronze
C1357,107058.2,428.23,53384.4912,50000.0,1,1571.54,764.4242103474002,Bronze
C1374,33200.0,132.8,148193.9656,1900.0,1,0.0,764.4242103474002,Bronze
C1379,146320.2,585.28,221184.5156,123000.0,1,0.0,764.4242103474002,Bronze
C235,59465.5,208.13,27465.7036,106400.0,2,0.0,764.4242103474002,Bronze
C232,157969.3,552.89,71191.2141,512500.0,5,142.55,764.4242103474002,Bronze
C190,51743.0,181.10000000000002,22879.0579,80000.0,2,311.6,764.4242103474002,Bronze
C198,72780.0,291.12,74500.0,150000.0,2,0.0,764.4242103474002,Bronze
C181,48080.0,192.32,137466.148,470000.0,4,3031.35,764.4242103474002,Bronze
C917,102981.0,411.91999999999996,197529.3008,351050.0,3,629.72,764.4242103474002,Bronze
C1085,30385.0,151.93,41187.2008,13050.0,1,0.0,764.4242103474002,Bronze
C1403,157317.0,471.95,95648.049,394500.0,7,3704.1000000000004,764.4242103474002,Bronze
C1313,99495.0,298.49,164404.595,200500.0,1,0.0,764.4242103474002,Bronze
C1316,60900.0,152.25,78752.9874,3200000.0,1,184.0,764.4242103474002,Bronze
C736,77580.0,310.32,64855.0478,4905000.0,3,0.0,764.4242103474002,Bronze
C405,36965.3,147.87,69447.9004,201400.0,2,0.0,764.4242103474002,Bronze
C404,102411.0,307.23,64960.2831,628000.0,2,0.0,764.4242103474002,Bronze
C1330,42260.0,169.04,21865.2,25000.0,1,0.0,764.4242103474002,Bronze
C708,21134.2,200.77,29455.0065,170200.0,1,0.0,764.4242103474002,Bronze
C1575,97300.0,389.2,175904.3864,178000.0,1,0.0,764.4242103474002,Bronze
C1577,100003.5,400.01,99599.986,100500.0,1,5000.14,764.4242103474002,Bronze
C1414,54365.0,217.46,140773.4564,790000.0,1,0.0,764.4242103474002,Bronze
C707,21134.2,200.77,29469.6035,161700.0,1,0.0,764.4242103474002,Bronze
C1551,29470.0,147.35,29852.65,30500.0,1,1410.48,764.4242103474002,Bronze
C1552,135948.2,543.8,63033.224,280000.0,2,0.0,764.4242103474002,Bronze
C715,21135.0,200.78,29471.6034,161700.0,1,0.0,764.4242103474002,Bronze
C716,21134.2,200.77,29474.33,168700.0,1,0.0,764.4242103474002,Bronze
C877,43800.0,175.2,44062.4403,707500.0,1,0.0,764.4242103474002,Bronze
C1617,70130.9,280.52,128056.4444,133570.0,1,0.0,764.4242103474002,Bronze
C127,84261.4,294.90999999999997,93816.1314,880500.0,6,776.12,764.4242103474002,Bronze
C1265,130176.7,520.71,120785.7152,835000.0,5,0.0,764.4242103474002,Bronze
C1536,49995.0,149.99,49112.515,51000.0,1,210.95,764.4242103474002,Bronze
C1117,129200.0,516.8,165173.2088,435200.0,1,499.8,764.4242103474002,Bronze
C1112,44905.0,179.62,66251.5132,226000.0,4,178.84,764.4242103474002,Bronze
C1538,145600.0,320.32,145522.7295,400000.0,1,221.46,764.4242103474002,Bronze
C1478,56496.0,225.99,57083.816,133750.0,5,54.05,764.4242103474002,Bronze
C612,169479.5,508.44,51219.0615,414500.0,9,142.64,764.4242103474002,Bronze
C9,168926.4,591.25,65376.9302,2413500.0,10,103.21,764.4242103474002,Bronze
C1510,98674.9,296.02,98284.0753,100000.0,1,650.09,764.4242103474002,Bronze
C1264,149985.0,599.94,200974.3716,2000000.0,1,0.0,764.4242103474002,Bronze
C480,66416.6,332.08,201511.93,734000.0,2,0.0,764.4242103474002,Bronze
C1533,102714.0,308.15,53781.858,100000.0,2,446.66999999999996,764.4242103474002,Bronze
C1509,147440.0,589.76,173897.95,300700.0,2,603.12,764.4242103474002,Bronze
C1394,72234.5,288.94,208101.2624,2623500.0,3,0.0,764.4242103474002,Bronze
C1400,41772.6,125.32,169078.9252,445000.0,1,754.35,764.4242103474002,Bronze
C897,106880.0,427.52,64863.8188,365000.0,2,0.0,764.4242103474002,Bronze
C1517,114843.6,459.38,37397.026,200000.0,2,0.0,764.4242103474002,Bronze
C919,148570.0,594.28,90059.65,960000.0,3,0.0,764.4242103474002,Bronze
C1224,78267.4,234.81,59518.859,1122800.0,4,78.41,764.4242103474002,Bronze
C1246,122600.0,367.8,111279.24,200000.0,2,434.52,764.4242103474002,Bronze
C1244,102062.4,306.19,149543.4618,358000.0,2,2044.62,764.4242103474002,Bronze
C859,42500.6,170.0,75391.7988,482400.0,4,115.47999999999999,764.4242103474002,Bronze
C1118,37330.0,149.32,24193.6048,58500.0,1,164.62,764.4242103474002,Bronze
C1238,100200.0,501.0,198824.017,0.0,1,0.0,764.4242103474002,Bronze
C1227,41140.0,164.56,216984.9208,244500.0,1,0.0,764.4242103474002,Bronze
C1123,124355.0,435.24,176709.2602,300000.0,1,418.46,764.4242103474002,Bronze
C1231,101714.0,406.86,78668.844,318000.0,3,1099.61,764.4242103474002,Bronze
C1125,149964.0,449.89,143432.568,2000.0,2,60.88,764.4242103474002,Bronze
C868,58200.0,232.8,179820.8108,1033000.0,1,0.0,764.4242103474002,Bronze
C1152,49134.4,171.97,47882.6558,120000.0,1,0.0,764.4242103474002,Bronze
C433,100326.6,401.31,69111.2484,480000.0,6,0.0,764.4242103474002,Bronze
C1590,98926.4,296.78,105909.4128,110000.0,1,0.0,764.4242103474002,Bronze
C464,39606.6,158.42,180680.6548,1388000.0,2,0.0,764.4242103474002,Bronze
C56,76943.0,307.77,77930.328,1197000.0,14,207.38,764.4242103474002,Bronze
C643,80709.2,242.13,37550.8374,180000.0,6,489.15999999999997,764.4242103474002,Bronze
C639,51281.7,256.40999999999997,55080.3765,0.0,2,157.25,764.4242103474002,Bronze
C1529,43330.5,129.99,43465.9085,64000.0,2,2079.15,764.4242103474002,Bronze
C1139,135342.3,541.37,85737.9896,800000.0,8,259.36,764.4242103474002,Bronze
C1228,80388.0,321.55,125408.4835,108500.0,1,0.0,764.4242103474002,Bronze
C630,139275.0,348.19,51616.8125,400000.0,8,0.0,764.4242103474002,Bronze
C628,49237.5,246.19,17641.942,87400.0,2,162.52,764.4242103474002,Bronze
C812,74177.5,222.54000000000002,217342.1161,0.0,2,0.0,764.4242103474002,Bronze
C818,56410.0,169.23000000000002,18083.27,60000.0,3,2066.85,764.4242103474002,Bronze
C1148,85610.0,342.44,47908.0383,3140000.0,2,0.0,764.4242103474002,Bronze
C1172,171337.0,599.6800000000001,81517.3205,180000.0,2,0.0,764.4242103474002,Bronze
C1441,138241.0,552.96,134100.036,439600.0,4,1209.44,764.4242103474002,Bronze
C805,61880.0,309.4,62135.5505,430450.0,1,0.0,764.4242103474002,Bronze
C1192,124740.0,311.85,199500.0,200000.0,1,0.0,764.4242103474002,Bronze
C1215,88016.0,264.05,96664.4194,260000.0,2,0.0,764.4242103474002,Bronze
C263,41640.0,208.2,75456.518,210800.0,2,0.0,764.4242103474002,Bronze
C567,162000.0,567.0,170486.4173,605530.0,1,0.0,764.4242103474002,Bronze
C269,114278.0,457.11,218913.6724,1323500.0,10,363.23,764.4242103474002,Bronze
C268,36070.0,342.67,59654.4088,412800.0,3,0.0,764.4242103474002,Bronze
C1486,108034.5,378.13,40422.1793,281000.0,7,1951.4,764.4242103474002,Bronze
C1051,38540.0,192.7,107097.6455,344000.0,2,0.0,764.4242103474002,Bronze
C943,52430.0,209.72000000000003,53616.7124,1236000.0,2,0.0,764.4242103474002,Bronze
C1482,61621.5,246.49,68629.2444,160000.0,2,277.64,764.4242103474002,Bronze
C1503,34650.0,138.6,37003.63,171000.0,1,0.0,764.4242103474002,Bronze
C1506,51995.0,181.99,116498.0481,1622000.0,2,108.64,764.4242103474002,Bronze
C969,73833.3,295.33,46862.9572,166800.0,3,234.5,764.4242103474002,Bronze
C1027,169264.5,507.8,155551.7065,340000.0,2,0.0,764.4242103474002,Bronze
C761,23910.2,119.56,84799.968,373350.0,3,88.5,693.8673165754551,Bronze
C1333,29158.8,116.64,12419.6128,1268600.0,2,1460.28,693.8673165754551,Bronze
C1309,29750.0,119.0,142326.618,145000.0,1,0.0,693.8673165754551,Bronze
C1284,29299.2,117.19,212123.0672,1200000.0,2,0.0,693.8673165754551,Bronze
C1223,930.3,3.72,120020.914,165500.0,1,3119.52,576.7739081148364,Bronze
C1448,518.7,2.07,51860.1804,30500.0,1,0.0,576.7739081148364,Bronze
C1542,17.5,0.07,114555.064,250000.0,1,0.07,576.7739081148364,Bronze
C1488,608.0,3.04,35021.424,230000.0,1,0.0,576.7739081148364,Bronze
C961,862.0,3.45,24729.0304,396140.0,1,0.0,576.7739081148364,Bronze
C785,88.3,0.84,93466.6583,109630.0,1,0.0,576.7739081148364,Bronze
C772,220.0,0.8800000000000001,145246.666,300000.0,2,0.0,576.7739081148364,Bronze
C755,235.1,2.23,63515.1886,104980.0,1,0.0,576.7739081148364,Bronze
C1015,754.0,3.77,101744.2965,330600.0,1,0.0,576.7739081148364,Bronze
C456,2070.6,8.28,67491.926,87800.0,1,56.4,557.5648821510829,Bronze
C457,2070.6,8.28,167952.9752,206000.0,1,0.0,557.5648821510829,Bronze
C826,2111.1,8.44,169409.9884,210500.0,1,0.0,557.5648821510829,Bronze
C1162,1305.0,12.4,78490.9178,55100.0,1,14.28,557.5648821510829,Bronze
C968,24705.6,98.82000000000001,135514.9044,493800.0,3,32.0,557.5648821510829,Bronze
C965,2014.0,8.06,181152.6788,378440.0,1,0.0,557.5648821510829,Bronze
C971,1225.5,11.64,92238.0385,71000.0,1,0.0,557.5648821510829,Bronze
C246,19100.0,95.5,102216.4845,310000.0,2,66.71,557.5648821510829,Bronze
C345,1867.5,6.54,193139.0175,2518000.0,2,0.0,557.5648821510829,Bronze
C450,1923.6,18.27,71817.289,43500.0,1,0.0,557.5648821510829,Bronze
C209,3555.0,14.219999999999999,72618.5872,194000.0,2,0.0,557.5648821510829,Bronze
C1485,9750.0,39.0,8201.0,9000.0,1,154.14,557.5648821510829,Bronze
C1480,23042.0,92.17,32813.4796,100500.0,1,99.4,557.5648821510829,Bronze
C592,9782.5,34.24,158898.0238,150000.0,1,0.0,557.5648821510829,Bronze
C245,8250.0,78.38,75372.511,87600.0,1,0.0,557.5648821510829,Bronze
C519,1923.6,9.62,232732.9779,438400.0,1,0.0,557.5648821510829,Bronze
C1327,10740.0,53.7,44477.0665,0.0,1,0.0,557.5648821510829,Bronze
C385,1919.4,9.6,72006.779,119400.0,1,0.0,557.5648821510829,Bronze
C495,2070.6,8.28,71335.4368,152900.0,1,56.4,557.5648821510829,Bronze
C496,2070.6,8.28,71030.9812,128600.0,1,56.4,557.5648821510829,Bronze
C1281,6848.0,27.39,106955.1588,112018.0,1,115.71,557.5648821510829,Bronze
C1165,27554.8,96.45,34130.9883,355500.0,4,547.03,557.5648821510829,Bronze
C451,2070.6,8.28,77499.4508,520000.0,1,0.0,557.5648821510829,Bronze
C455,2070.6,8.28,65602.6516,97900.0,1,56.4,557.5648821510829,Bronze
C1055,1779.4,7.12,83647.6168,90000.0,1,0.0,557.5648821510829,Bronze
C1163,1305.0,12.4,74604.347,39120.0,1,13.8,557.5648821510829,Bronze
C1458,9600.0,91.2,156907.9914,95270.0,1,22.8,557.5648821510829,Bronze
C1461,9600.0,91.2,90861.9204,279640.0,1,22.71,557.5648821510829,Bronze
C1453,9600.0,91.2,83402.0197,90200.0,1,22.77,557.5648821510829,Bronze
C1518,1258.8,4.41,26897.95,10000.0,1,0.0,557.5648821510829,Bronze
C637,26754.0,107.02,67045.6276,632000.0,2,786.4399999999999,557.5648821510829,Bronze
C434,2070.6,8.28,86503.6696,83000.0,1,322.82,557.5648821510829,Bronze
C441,2070.6,8.28,121910.7424,92200.0,1,90.26,557.5648821510829,Bronze
C1586,9831.0,93.39,28424.816,16100.0,1,137.47,557.5648821510829,Bronze
C46,22921.5,80.23,23293.6904,30000.0,1,281.40999999999997,557.5648821510829,Bronze
C462,2070.6,8.28,76211.08,137000.0,1,56.4,557.5648821510829,Bronze
C1521,17907.5,35.82,19146.685,40000.0,2,157.23000000000002,557.5648821510829,Bronze
C1527,17400.0,87.0,178334.865,163000.0,1,0.0,557.5648821510829,Bronze
C443,3004.8,12.02,143716.9736,373000.0,2,0.6499999999999999,557.5648821510829,Bronze
C1133,5872.0,23.49,39241.6708,43000.0,1,28.73,557.5648821510829,Bronze
C1457,10240.0,97.28,103239.0893,82630.0,1,22.77,557.5648821510829,Bronze
C1451,9600.0,91.2,139695.5445,80910.0,1,196.88,557.5648821510829,Bronze
C1443,10374.0,41.5,10508.504,16600.0,2,62.25,557.5648821510829,Bronze
C465,2070.6,8.28,63296.2168,125000.0,1,56.4,557.5648821510829,Bronze
C449,1923.6,18.27,71865.4363,42000.0,1,0.0,557.5648821510829,Bronze
C1438,2959.0,11.84,157472.8424,199000.0,1,143.74,557.5648821510829,Bronze
C1432,13774.9,82.65,39702.1258,0.0,1,0.0,557.5648821510829,Bronze
C1611,20235.0,80.94,20419.06,42000.0,2,69.54,557.5648821510829,Bronze
C411,2070.6,8.28,96957.4264,100000.0,1,0.0,557.5648821510829,Bronze
C853,1948.0,4.87,97023.7238,115000.0,1,0.0,557.5648821510829,Bronze
C442,2070.6,8.28,137954.8996,113000.0,1,0.0,557.5648821510829,Bronze
C524,2070.6,8.28,68908.8736,202500.0,1,56.4,557.5648821510829,Bronze
C1620,20770.2,83.08,34195.6692,20980.0,1,178.86,557.5648821510829,Bronze
C1621,4560.0,13.68,204913.7646,213130.0,1,11656.34,557.5648821510829,Bronze
C1232,5471.4,51.98,70140.1062,76100.0,1,0.0,557.5648821510829,Bronze
C1595,7615.0,22.85,18997.155,19000.0,1,698.26,557.5648821510829,Bronze
C1597,4770.0,19.08,163794.0716,14000.0,1,21.66,557.5648821510829,Bronze
C1121,1747.2,8.74,137351.752,78433.0,1,0.0,557.5648821510829,Bronze
C867,9919.0,34.72,10950.0571,800000.0,1,0.0,557.5648821510829,Bronze
C417,1919.4,18.23,71360.1726,36100.0,1,0.0,557.5648821510829,Bronze
C783,2438.4,9.75,3669.0804,7650.0,2,0.0,557.5648821510829,Bronze
C529,2070.6,8.28,77724.7988,133700.0,1,56.4,557.5648821510829,Bronze
C1464,9600.0,48.0,128042.862,54810.0,1,11.97,557.5648821510829,Bronze
C1233,4700.0,18.8,33247.882,1460000.0,1,0.0,557.5648821510829,Bronze
C1541,20412.0,81.65,45663.798,90000.0,1,0.0,557.5648821510829,Bronze
C1613,19401.0,97.01,129488.1175,4496000.0,2,3116.43,557.5648821510829,Bronze
C768,9080.0,36.32,161005.5908,395000.0,2,176.29,557.5648821510829,Bronze
C770,2741.4,10.969999999999999,51367.5652,1174200.0,2,6.98,557.5648821510829,Bronze
C764,2741.4,10.969999999999999,51321.582,249200.0,2,6.98,557.5648821510829,Bronze
C1274,26648.9,93.27,26997.2794,30000.0,1,0.0,557.5648821510829,Bronze
C1111,22689.2,90.76,4191.5432,30000.0,6,0.0,557.5648821510829,Bronze
C545,2070.6,8.28,64467.1984,77000.0,1,56.4,557.5648821510829,Bronze
C1141,1768.2,8.84,74346.3845,17600.0,1,0.0,557.5648821510829,Bronze
C1456,1389.3,5.56,100807.6016,620000.0,1,0.0,557.5648821510829,Bronze
C1150,1305.0,12.4,78498.1628,51100.0,1,13.8,557.5648821510829,Bronze
C1208,5530.0,22.119999999999997,35681.0316,1202000.0,2,0.0,557.5648821510829,Bronze
C431,2070.6,8.28,98382.7352,100000.0,1,0.0,557.5648821510829,Bronze
C1606,9805.0,49.03,37996.226,20500.0,1,464.65999999999997,557.5648821510829,Bronze
C1005,11777.5,41.22,154698.7538,398000.0,2,0.0,557.5648821510829,Bronze
C989,22814.0,91.26,23918.7608,560000.0,1,0.0,557.5648821510829,Bronze
C690,1956.0,6.85,149504.7654,1260000.0,1,0.0,557.5648821510829,Bronze
C520,2070.6,10.35,112051.307,118850.0,1,58.5,557.5648821510829,Bronze
C240,3555.0,14.219999999999999,72627.7504,194000.0,2,0.0,557.5648821510829,Bronze
C575,35065.399999999994,105.2,79567.8388,740000.0,2,0.0,557.5648821510829,Bronze
C1550,1400.0,7.0,32336.059,5000.0,1,0.0,557.5648821510829,Bronze
C749,19002.8,76.01,58747.632,869000.0,11,20.03,557.5648821510829,Bronze
C753,2754.0,11.02,51385.1616,244200.0,2,6.52,557.5648821510829,Bronze
C750,20772.0,83.09,206228.524,218700.0,2,42.12,557.5648821510829,Bronze
C754,2741.4,10.969999999999999,51323.1476,250200.0,2,6.5,557.5648821510829,Bronze
C1262,31130.0,93.39,146938.162,165000.0,1,0.0,557.5648821510829,Bronze
C48,15118.8,60.48,178933.66,0.0,2,0.0,557.5648821510829,Bronze
C482,2070.6,8.28,65502.506,68000.0,1,56.4,557.5648821510829,Bronze
C1279,6760.0,27.04,159240.86,10000.0,1,95.04,557.5648821510829,Bronze
C1472,16195.5,64.78,161157.5188,772000.0,1,336.46,557.5648821510829,Bronze
C1101,9469.4,37.88,160855.5424,10650.0,1,540.15,557.5648821510829,Bronze
C1515,5904.0,23.61,14796.434,16050.0,3,0.0,557.5648821510829,Bronze
C1075,11691.0,58.46,58791.0895,81000.0,1,54.2,557.5648821510829,Bronze
C1076,14700.0,73.5,65439.4335,82000.0,1,68.26,557.5648821510829,Bronze
C401,2070.6,8.28,61063.2336,163000.0,1,56.4,557.5648821510829,Bronze
C394,1974.0,7.9,88997.296,89500.0,1,10.36,557.5648821510829,Bronze
C1080,23425.0,93.69999999999999,56499.748,91000.0,2,0.0,557.5648821510829,Bronze
C1627,2355.5,9.42,63028.3808,274000.0,1,10.5,557.5648821510829,Bronze
C1301,28000.0,112.0,208306.0472,245000.0,1,0.0,557.5648821510829,Bronze
C1392,4642.0,18.57,4965.432,5000.0,1,0.0,557.5648821510829,Bronze
C1308,19039.9,57.12,10793.0403,3001000.0,1,204.76,557.5648821510829,Bronze
C500,1877.8,17.84,72419.7915,37808.0,1,0.0,557.5648821510829,Bronze
C1060,14705.0,73.53,65584.76,82000.0,1,68.26,557.5648821510829,Bronze
C734,1107.5,4.43,1133.7756,523600.0,1,0.0,557.5648821510829,Bronze
C194,23960.3,83.86,84636.145,150000.0,3,136.46,557.5648821510829,Bronze
C1278,28815.2,86.44,28959.1544,50000.0,2,784.88,557.5648821510829,Bronze
C1004,4158.0,20.79,193054.362,528000.0,1,667.75,557.5648821510829,Bronze
C1024,34250.0,102.75,69455.9,75000.0,1,245.43,557.5648821510829,Bronze
C1012,1785.0,8.93,168258.0035,25700.0,1,0.0,557.5648821510829,Bronze
C1026,16051.0,64.2,71185.6148,151000.0,2,0.0,557.5648821510829,Bronze
C320,29874.0,65.72,204465.1385,800000.0,1,0.0,557.5648821510829,Bronze
C925,22069.0,66.21,77236.3908,640100.0,1,61.25,557.5648821510829,Bronze
C579,3660.0,14.64,68432.9968,213000.0,1,143.2,557.5648821510829,Bronze
C1576,3934.2,19.67,8466.979,18000.0,1,30.28,557.5648821510829,Bronze
C511,1919.4,18.23,71760.6074,39800.0,1,0.0,557.5648821510829,Bronze
C1417,32364.0,113.27,53394.2636,2001000.0,1,0.0,557.5648821510829,Bronze
C505,1898.4,18.98,72382.546,137000.0,1,0.0,557.5648821510829,Bronze
C509,2070.6,8.28,66202.874,155000.0,1,54.18,557.5648821510829,Bronze
C706,2378.0,9.51,143461.4924,302000.0,2,4.42,557.5648821510829,Bronze
C513,1923.6,8.66,77884.3146,1509700.0,1,0.0,557.5648821510829,Bronze
C726,2648.4,9.27,78635.1572,4434000.0,2,0.0,557.5648821510829,Bronze
C1413,10909.599999999999,43.64,14060.3416,14294.0,2,42.8,557.5648821510829,Bronze
C662,396879.0,1587.5,3321968.3556,102549500.0,22,942.93,458.6443373037554,Bronze
C869,329705.0,1318.82,222747.44,4895000.0,21,706.62,421.198336057864,Bronze
C1560,6135.2,24.54,129014059.7174,12753000.0,1,0.0,335.21895163343004,Bronze
C1108,12.0,0.05,13137324.342,7500.0,1,0.0,274.28371282690495,Bronze
C31,1436179.0,5744.72,81474.9668,119850000.0,15,0.0,75.6431140297269,Bronze
C1019,95023.0,380.11,77696.1192,1750000.0,25,415.43,-61.25071582339356,Bronze
C291,777822.0,2333.4700000000003,14343883.5169,106400000.0,7,2125.01,-257.93491386558406,Bronze
C274,759725.0,2279.18,14354763.9994,106400000.0,7,2124.25,-257.93491386558406,Bronze
C338,318445.0,796.12,85563563.5633,4250000.0,3,849.66,-1161.134217166195,Bronze
C1079,12.0,0.05,77103996.892,35000.0,1,0.0,-1306.768359693425,Bronze
C1039,1827.0,6.39,7997209.0823,5974000.0,1,0.0,-1597.02843422781,Bronze
C47,176899.8,707.61,60418.5116,4018500.0,51,156.7,-1615.2933098585402,Bronze
C493,2070.6,7.25,9693258.5975,0.0,1,81.9,-2002.47014619195,Bronze
C1602,37968.0,83.53,10001021.1617,4894050.0,1,0.0,-2002.47014619195,Bronze
C102,320958.7,1123.37,1986543.5053,197525660.0,58,2776.14,-4856.043551320757,Bronze
C1210,3107067.5,5592.72,31725604.9834,310040000.0,8,6173.3099999999995,-5434.538227142818,Bronze
